1-bytecode-false-baseline	0
1-bytecode-false-fast-state	0
1-bytecode-true-baseline	0
1-bytecode-true-fast-state	0
1-ast-false-baseline	0
1-ast-false-fast-state	0
1-ast-true-baseline	0
1-ast-true-fast-state	0
2-bytecode-false-fast-state	0
2-bytecode-false-baseline	0
2-bytecode-true-fast-state	0
2-bytecode-true-baseline	0
2-ast-false-fast-state	0
2-ast-false-baseline	0
2-ast-true-fast-state	0
2-ast-true-baseline	0
3-bytecode-false-baseline	0
3-bytecode-false-fast-state	0
3-bytecode-true-baseline	0
3-bytecode-true-fast-state	0
3-ast-false-baseline	0
3-ast-false-fast-state	0
3-ast-true-baseline	0
3-ast-true-fast-state	0
4-bytecode-false-fast-state	0
4-bytecode-false-baseline	0
4-bytecode-true-fast-state	0
4-bytecode-true-baseline	0
4-ast-false-fast-state	0
4-ast-false-baseline	0
4-ast-true-fast-state	0
4-ast-true-baseline	0
