plusCase	-33554435	-33554435	-33554435	-16777219	1275068672
plusCase	-33554435	-16777219	-16777216	-16777217	1677721776
plusCase	-33554435	-16777217	-2	-16777216	1342177332
plusCase	-33554435	-16777216	1	-16777215	-1342177444
plusCase	-33554435	-16777215	16777215	-3	-671088464
plusCase	-33554435	-3	16777219	-2	-201326764
plusCase	-33554435	-2	-16777219	-1	-201326732
plusCase	-33554435	-1	-16777215	0	201326524
plusCase	-33554435	0	-1	1	-939524300
plusCase	-33554435	1	2	2	-939524200
plusCase	-33554435	2	16777216	3	-201327100
plusCase	-33554435	3	33554435	16777215	-335544336
plusCase	-33554435	16777215	-16777217	16777216	1677721508
plusCase	-33554435	16777216	-3	16777217	1342177288
plusCase	-33554435	16777217	0	16777219	-1342177612
plusCase	-33554435	16777219	3	33554435	-2617245984
plusCase	-33554435	33554435	16777217	-33554435	3690987984
plusCase	-16777219	-33554435	-16777219	-16777215	872415096
plusCase	-16777219	-16777219	-16777215	-3	67108816
plusCase	-16777219	-16777217	-1	-2	-939524096
plusCase	-16777219	-16777216	2	-1	939523872
plusCase	-16777219	-16777215	16777216	0	67108748
plusCase	-16777219	-3	33554435	1	1946157152
plusCase	-16777219	-2	-16777217	2	-805306180
plusCase	-16777219	-1	-3	3	469762328
plusCase	-16777219	0	0	16777215	-1476395128
plusCase	-16777219	1	3	16777216	-1476395240
plusCase	-16777219	2	16777217	16777217	-1811939564
plusCase	-16777219	3	-33554435	16777219	805306624
plusCase	-16777219	16777215	-16777216	33554435	2348809908
plusCase	-16777219	16777216	-2	-33554435	-3087008084
plusCase	-16777219	16777217	1	-16777219	1946157320
plusCase	-16777219	16777219	16777215	-16777217	1207959396
plusCase	-16777219	33554435	16777219	-16777216	872415156
plusCase	-16777217	-33554435	-16777217	-1	-1879048328
plusCase	-16777217	-16777219	-3	0	-939523952
plusCase	-16777217	-16777217	0	1	805306508
plusCase	-16777217	-16777216	3	2	805306412
plusCase	-16777217	-16777215	16777217	3	67109204
plusCase	-16777217	-3	-33554435	16777215	-939523964
plusCase	-16777217	-2	-16777216	16777216	-1811939332
plusCase	-16777217	-1	-2	16777217	1610612688
plusCase	-16777217	0	1	16777219	-1610612408
plusCase	-16777217	1	16777215	33554435	-2818571948
plusCase	-16777217	2	16777219	-33554435	2818571960
plusCase	-16777217	3	-16777219	-16777219	-1811938964
plusCase	-16777217	16777215	-16777215	-16777217	-1207959504
plusCase	-16777217	16777216	-1	-16777216	1946157144
plusCase	-16777217	16777217	2	-16777215	1946157064
plusCase	-16777217	16777219	16777216	-3	67108820
plusCase	-16777217	33554435	33554435	-2	738197440
plusCase	-16777216	-33554435	-16777216	2	-1879048268
plusCase	-16777216	-16777219	-2	3	-939523696
plusCase	-16777216	-16777217	1	16777215	1946157144
plusCase	-16777216	-16777216	16777215	16777216	1073741872
plusCase	-16777216	-16777215	16777219	16777217	1073741972
plusCase	-16777216	-3	-16777219	16777219	-1811938924
plusCase	-16777216	-2	-16777215	33554435	-2684354896
plusCase	-16777216	-1	-1	-33554435	2483027692
plusCase	-16777216	0	2	-16777219	1610612316
plusCase	-16777216	1	16777216	-16777217	1811939328
plusCase	-16777216	2	33554435	-16777216	805306380
plusCase	-16777216	3	-16777217	-16777215	-1811939312
plusCase	-16777216	16777215	-3	-3	-939523844
plusCase	-16777216	16777216	0	-2	939523988
plusCase	-16777216	16777217	3	-1	-939523892
plusCase	-16777216	16777219	16777217	0	-67108632
plusCase	-16777216	33554435	-33554435	1	738197268
plusCase	-16777215	-33554435	-16777215	16777216	-872415488
plusCase	-16777215	-16777219	-1	16777217	1946156904
plusCase	-16777215	-16777217	2	16777219	1946157464
plusCase	-16777215	-16777216	16777216	33554435	2348810500
plusCase	-16777215	-16777215	33554435	-33554435	-3489661376
plusCase	-16777215	-3	-16777217	-16777219	1811939668
plusCase	-16777215	-2	-3	-16777217	1476395056
plusCase	-16777215	-1	0	-16777216	1476395080
plusCase	-16777215	0	3	-16777215	1476395084
plusCase	-16777215	1	16777217	-3	805306136
plusCase	-16777215	2	-33554435	-2	-1946157008
plusCase	-16777215	3	-16777216	-1	671088828
plusCase	-16777215	16777215	-2	0	939524016
plusCase	-16777215	16777216	1	1	-939523880
plusCase	-16777215	16777217	16777215	2	-67108620
plusCase	-16777215	16777219	16777219	3	-67108536
plusCase	-16777215	33554435	-16777219	16777215	872415160
plusCase	-3	-33554435	-3	33554435	-3489661424
plusCase	-3	-16777219	0	-33554435	-2751463844
plusCase	-3	-16777217	3	-16777219	-1879047740
plusCase	-3	-16777216	16777217	-16777217	-1543503968
plusCase	-3	-16777215	-33554435	-16777216	228
plusCase	-3	-3	-16777216	-16777215	1879048412
plusCase	-3	-2	-2	-3	168
plusCase	-3	-1	1	-2	28
plusCase	-3	0	16777215	-1	-872415260
plusCase	-3	1	16777219	0	-872415484
plusCase	-3	2	-16777219	1	872415476
plusCase	-3	3	-16777215	2	872415196
plusCase	-3	16777215	-1	3	-738197800
plusCase	-3	16777216	2	16777215	-1744830636
plusCase	-3	16777217	16777216	16777216	-1543503928
plusCase	-3	16777219	33554435	16777217	-88
plusCase	-3	33554435	-16777217	16777219	805305948
plusCase	-2	-33554435	-2	-16777217	469761852
plusCase	-2	-16777219	1	-16777216	-1879048040
plusCase	-2	-16777217	16777215	-16777215	-1543504064
plusCase	-2	-16777216	16777219	-3	-536870816
plusCase	-2	-16777215	-16777219	-2	536870704
plusCase	-2	-3	-16777215	-1	-872415196
plusCase	-2	-2	-1	0	116
plusCase	-2	-1	2	1	-16
plusCase	-2	0	16777216	2	-872415484
plusCase	-2	1	33554435	3	-1744830852
plusCase	-2	2	-16777217	16777215	2013265748
plusCase	-2	3	-3	16777216	1140850892
plusCase	-2	16777215	0	16777217	-1744830512
plusCase	-2	16777216	3	16777219	-1744830940
plusCase	-2	16777217	16777217	33554435	-2415919372
plusCase	-2	16777219	-33554435	-33554435	-3422552428
plusCase	-2	33554435	-16777216	-16777219	-805305968
plusCase	-1	-33554435	-1	-3	1476395048
plusCase	-1	-16777219	2	-2	738197616
plusCase	-1	-16777217	16777216	-1	-536870868
plusCase	-1	-16777216	33554435	0	-1140850504
plusCase	-1	-16777215	-16777217	1	402653412
plusCase	-1	-3	-3	2	252
plusCase	-1	-2	0	3	-272
plusCase	-1	-1	3	16777215	1140850896
plusCase	-1	0	16777217	16777216	1879048236
plusCase	-1	1	-33554435	16777217	-738197656
plusCase	-1	2	-16777216	16777219	-2013265504
plusCase	-1	3	-2	33554435	-2281701780
plusCase	-1	16777215	1	-33554435	-2751463784
plusCase	-1	16777216	16777215	-16777219	-1543504144
plusCase	-1	16777217	16777219	-16777217	-1543503724
plusCase	-1	16777219	-16777219	-16777216	1543503812
plusCase	-1	33554435	-16777215	-16777215	671088720
plusCase	0	-33554435	0	0	-1476395204
plusCase	0	-16777219	3	1	-738197740
plusCase	0	-16777217	16777217	2	-536870660
plusCase	0	-16777216	-33554435	3	1140850192
plusCase	0	-16777215	-16777216	16777215	1543503984
plusCase	0	-3	-2	16777216	1140850808
plusCase	0	-2	1	16777217	-1140850784
plusCase	0	-1	16777215	16777219	1879048460
plusCase	0	0	16777219	33554435	3154117104
plusCase	0	1	-16777219	-33554435	3154116996
plusCase	0	2	-16777215	-16777219	2013265408
plusCase	0	3	-1	-16777217	-1140850456
plusCase	0	16777215	2	-16777216	-1879047996
plusCase	0	16777216	16777216	-16777215	-1543503724
plusCase	0	16777217	33554435	-3	-1140850764
plusCase	0	16777219	-16777217	-2	536870692
plusCase	0	33554435	-3	-1	-1476395212
plusCase	1	-33554435	1	3	-1476395504
plusCase	1	-16777219	16777215	16777215	-1543504024
plusCase	1	-16777217	16777219	16777216	-1543503676
plusCase	1	-16777216	-16777219	16777217	1543503652
plusCase	1	-16777215	-16777215	16777219	1543504152
plusCase	1	-3	-1	33554435	-2281701760
plusCase	1	-2	2	-33554435	2281701760
plusCase	1	-1	16777216	-16777219	-1879048504
plusCase	1	0	33554435	-16777217	-738197376
plusCase	1	1	-16777217	-16777216	1879048208
plusCase	1	2	-3	-16777215	1140850604
plusCase	1	3	0	-3	-60
plusCase	1	16777215	3	-2	-738197676
plusCase	1	16777216	16777217	-1	402653240
plusCase	1	16777217	-33554435	0	-1140850868
plusCase	1	16777219	-16777216	1	-536870860
plusCase	1	33554435	-2	2	-1476395128
plusCase	2	-33554435	2	16777217	-469762152
plusCase	2	-16777219	16777216	16777219	-1543504364
plusCase	2	-16777217	33554435	33554435	-3422551624
plusCase	2	-16777216	-16777217	-33554435	-2415919428
plusCase	2	-16777215	-3	-16777219	-1879047836
plusCase	2	-3	0	-16777217	1140850572
plusCase	2	-2	3	-16777216	1140850452
plusCase	2	-1	16777217	-16777215	-2013265700
plusCase	2	0	-33554435	-3	1744830512
plusCase	2	1	-16777216	-2	872415108
plusCase	2	2	-2	-1	-228
plusCase	2	3	1	0	200
plusCase	2	16777215	16777215	1	402653404
plusCase	2	16777216	16777219	2	402653256
plusCase	2	16777217	-16777219	3	-402653580
plusCase	2	16777219	-16777215	16777215	-1543503732
plusCase	2	33554435	-1	16777216	469762276
plusCase	3	-33554435	3	-33554435	3489661184
plusCase	3	-16777219	16777217	-16777219	1543504336
plusCase	3	-16777217	-33554435	-16777217	-216
plusCase	3	-16777216	-16777216	-16777216	-1543503828
plusCase	3	-16777215	-2	-16777215	-1744830612
plusCase	3	-3	1	-3	200
plusCase	3	-2	16777215	-2	872415256
plusCase	3	-1	16777219	-1	872415392
plusCase	3	0	-16777219	0	-872415448
plusCase	3	1	-16777215	1	-872415032
plusCase	3	2	-1	2	56
plusCase	3	3	2	3	332
plusCase	3	16777215	16777216	16777215	1543503984
plusCase	3	16777216	33554435	16777216	160
plusCase	3	16777217	-16777217	16777217	-1543503804
plusCase	3	16777219	-3	16777219	-1744830904
plusCase	3	33554435	0	33554435	3489661412
plusCase	16777215	-33554435	16777215	-16777216	872414996
plusCase	16777215	-16777219	16777219	-16777215	1207959304
plusCase	16777215	-16777217	-16777219	-3	-67108764
plusCase	16777215	-16777216	-16777215	-2	-67108872
plusCase	16777215	-16777215	-1	-1	-939524008
plusCase	16777215	-3	2	0	-469762192
plusCase	16777215	-2	16777216	1	-671088804
plusCase	16777215	-1	33554435	2	1946157084
plusCase	16777215	0	-16777217	3	-805306104
plusCase	16777215	1	-3	16777215	-1476395072
plusCase	16777215	2	0	16777216	1476395184
plusCase	16777215	3	3	16777217	1476395104
plusCase	16777215	16777215	16777217	16777219	1073742096
plusCase	16777215	16777216	-33554435	33554435	-3489661408
plusCase	16777215	16777217	-16777216	-33554435	2348809924
plusCase	16777215	16777219	-2	-16777219	1946157452
plusCase	16777215	33554435	1	-16777217	-134217572
plusCase	16777216	-33554435	16777216	-2	1879048428
plusCase	16777216	-16777219	33554435	-1	-1476395136
plusCase	16777216	-16777217	-16777217	0	67108956
plusCase	16777216	-16777216	-3	1	939523900
plusCase	16777216	-16777215	0	2	-939523936
plusCase	16777216	-3	3	3	-469762456
plusCase	16777216	-2	16777217	16777215	-1811939372
plusCase	16777216	-1	-33554435	16777216	-805306576
plusCase	16777216	0	-16777216	16777217	-1811939304
plusCase	16777216	1	-2	16777219	-1476395388
plusCase	16777216	2	1	33554435	2483028476
plusCase	16777216	3	16777215	-33554435	-2684355008
plusCase	16777216	16777215	16777219	-16777219	-1073742304
plusCase	16777216	16777216	-16777219	-16777217	1207959412
plusCase	16777216	16777217	-16777215	-16777216	1073741868
plusCase	16777216	16777219	-1	-16777215	-1946157000
plusCase	16777216	33554435	2	-3	-1140850860
plusCase	16777217	-33554435	16777217	1	-1879048232
plusCase	16777217	-16777219	-33554435	2	1476395180
plusCase	16777217	-16777217	-16777216	3	67109128
plusCase	16777217	-16777216	-2	16777215	1946157024
plusCase	16777217	-16777215	1	16777216	-1946157008
plusCase	16777217	-3	16777215	16777217	-1811939416
plusCase	16777217	-2	16777219	16777219	-1811939820
plusCase	16777217	-1	-16777219	33554435	-2684355040
plusCase	16777217	0	-16777215	-33554435	2818571956
plusCase	16777217	1	-1	-16777219	-1476395352
plusCase	16777217	2	2	-16777217	-1610612644
plusCase	16777217	3	16777216	-16777216	-1811939084
plusCase	16777217	16777215	33554435	-16777215	-469761960
plusCase	16777217	16777216	-16777217	-3	67108684
plusCase	16777217	16777217	-3	-2	805306404
plusCase	16777217	16777219	0	-1	805306500
plusCase	16777217	33554435	3	0	1140850724
plusCase	16777219	-33554435	16777219	16777215	-872415248
plusCase	16777219	-16777219	-16777219	16777216	1073741840
plusCase	16777219	-16777217	-16777215	16777217	1073741876
plusCase	16777219	-16777216	-1	16777219	-1946156724
plusCase	16777219	-16777215	2	33554435	-3221225052
plusCase	16777219	-3	16777216	-33554435	2684354856
plusCase	16777219	-2	33554435	-16777219	805306756
plusCase	16777219	-1	-16777217	-16777217	1811939328
plusCase	16777219	0	-3	-16777216	1610612608
plusCase	16777219	1	0	-16777215	-1610612588
plusCase	16777219	2	3	-3	-469762212
plusCase	16777219	3	16777217	-2	-671088772
plusCase	16777219	16777215	-33554435	-1	-1476395200
plusCase	16777219	16777216	-16777216	0	-67108864
plusCase	16777219	16777217	-2	1	-805306572
plusCase	16777219	16777219	1	2	805306468
plusCase	16777219	33554435	16777215	3	1879048656
plusCase	33554435	-33554435	33554435	16777219	-1275068704
plusCase	33554435	-16777219	-16777217	33554435	2952789508
plusCase	33554435	-16777217	-3	-33554435	-2617245388
plusCase	33554435	-16777216	0	-16777219	1476394648
plusCase	33554435	-16777215	3	-16777217	1342177468
plusCase	33554435	-3	16777217	-16777216	1342177180
plusCase	33554435	-2	-33554435	-16777215	-335544292
plusCase	33554435	-1	-16777216	-3	201326396
plusCase	33554435	0	-2	-2	939524140
plusCase	33554435	1	1	-1	939524160
plusCase	33554435	2	16777215	0	201326768
plusCase	33554435	3	16777219	1	201326744
plusCase	33554435	16777215	-16777219	2	-536871028
plusCase	33554435	16777216	-16777215	3	-671088376
plusCase	33554435	16777217	-1	16777215	1342177392
plusCase	33554435	16777219	2	16777216	1342177372
plusCase	33554435	33554435	16777216	16777217	268435648
minusCase	-33554435	-33554435	-33554435	-16777219	1275068672
minusCase	-33554435	-16777219	-16777216	-16777217	1677721792
minusCase	-33554435	-16777217	-2	-16777216	1342177518
minusCase	-33554435	-16777216	1	-16777215	-1342177398
minusCase	-33554435	-16777215	16777215	-3	-536871142
minusCase	-33554435	-3	16777219	-2	-201326736
minusCase	-33554435	-2	-16777219	-1	201326760
minusCase	-33554435	-1	-16777215	0	201326576
minusCase	-33554435	0	-1	1	-939524118
minusCase	-33554435	1	2	2	-939524178
minusCase	-33554435	2	16777216	3	-201326728
minusCase	-33554435	3	33554435	16777215	-335544234
minusCase	-33554435	16777215	-16777217	16777216	1677721656
minusCase	-33554435	16777216	-3	16777217	1342177498
minusCase	-33554435	16777217	0	16777219	1342177638
minusCase	-33554435	16777219	3	33554435	-2617246030
minusCase	-33554435	33554435	16777217	-33554435	3690987984
minusCase	-16777219	-33554435	-16777219	-16777215	872415216
minusCase	-16777219	-16777219	-16777215	-3	67108818
minusCase	-16777219	-16777217	-1	-2	939523956
minusCase	-16777219	-16777216	2	-1	-939524028
minusCase	-16777219	-16777215	16777216	0	-67108786
minusCase	-16777219	-3	33554435	1	1946157060
minusCase	-16777219	-2	-16777217	2	-805306268
minusCase	-16777219	-1	-3	3	-469762098
minusCase	-16777219	0	0	16777215	-1610612508
minusCase	-16777219	1	3	16777216	-1476395260
minusCase	-16777219	2	16777217	16777217	-1811939374
minusCase	-16777219	3	-33554435	16777219	805306846
minusCase	-16777219	16777215	-16777216	33554435	2348810536
minusCase	-16777219	16777216	-2	-33554435	-3087008226
minusCase	-16777219	16777217	1	-16777219	1946157434
minusCase	-16777219	16777219	16777215	-16777217	1073742008
minusCase	-16777219	33554435	16777219	-16777216	872415216
minusCase	-16777217	-33554435	-16777217	-1	1879048394
minusCase	-16777217	-16777219	-3	0	939524036
minusCase	-16777217	-16777217	0	1	-805306428
minusCase	-16777217	-16777216	3	2	805306596
minusCase	-16777217	-16777215	16777217	3	67109034
minusCase	-16777217	-3	-33554435	16777215	-805306578
minusCase	-16777217	-2	-16777216	16777216	-1811939438
minusCase	-16777217	-1	-2	16777217	-1610612544
minusCase	-16777217	0	1	16777219	1610612448
minusCase	-16777217	1	16777215	33554435	-2684354914
minusCase	-16777217	2	16777219	-33554435	2818571874
minusCase	-16777217	3	-16777219	-16777219	-1811938898
minusCase	-16777217	16777215	-16777215	-16777217	-1073741912
minusCase	-16777217	16777216	-1	-16777216	-1946157134
minusCase	-16777217	16777217	2	-16777215	1946157134
minusCase	-16777217	16777219	16777216	-3	67108770
minusCase	-16777217	33554435	33554435	-2	738197302
minusCase	-16777216	-33554435	-16777216	2	-1879048394
minusCase	-16777216	-16777219	-2	3	-939523964
minusCase	-16777216	-16777217	1	16777215	1946156898
minusCase	-16777216	-16777216	16777215	16777216	1207959448
minusCase	-16777216	-16777215	16777219	16777217	1073742032
minusCase	-16777216	-3	-16777219	16777219	-1811939002
minusCase	-16777216	-2	-16777215	33554435	-2684354942
minusCase	-16777216	-1	-1	-33554435	2483027708
minusCase	-16777216	0	2	-16777219	-1610612396
minusCase	-16777216	1	16777216	-16777217	1811939350
minusCase	-16777216	2	33554435	-16777216	805306514
minusCase	-16777216	3	-16777217	-16777215	-1811939218
minusCase	-16777216	16777215	-3	-3	-805306384
minusCase	-16777216	16777216	0	-2	-939523920
minusCase	-16777216	16777217	3	-1	939523864
minusCase	-16777216	16777219	16777217	0	67108718
minusCase	-16777216	33554435	-33554435	1	738197410
minusCase	-16777215	-33554435	-16777215	16777216	-872415408
minusCase	-16777215	-16777219	-1	16777217	-1946156830
minusCase	-16777215	-16777217	2	16777219	1946157406
minusCase	-16777215	-16777216	16777216	33554435	2348810512
minusCase	-16777215	-16777215	33554435	-33554435	-3489661408
minusCase	-16777215	-3	-16777217	-16777219	1811939734
minusCase	-16777215	-2	-3	-16777217	1476395224
minusCase	-16777215	-1	0	-16777216	1476395096
minusCase	-16777215	0	3	-16777215	-1476395160
minusCase	-16777215	1	16777217	-3	805306116
minusCase	-16777215	2	-33554435	-2	-1946157020
minusCase	-16777215	3	-16777216	-1	-671088652
minusCase	-16777215	16777215	-2	0	-805306616
minusCase	-16777215	16777216	1	1	-939524040
minusCase	-16777215	16777217	16777215	2	-67108866
minusCase	-16777215	16777219	16777219	3	-67108662
minusCase	-16777215	33554435	-16777219	16777215	872415480
minusCase	-3	-33554435	-3	33554435	-3489661292
minusCase	-3	-16777219	0	-33554435	2751463896
minusCase	-3	-16777217	3	-16777219	-1879047700
minusCase	-3	-16777216	16777217	-16777217	-1543503970
minusCase	-3	-16777215	-33554435	-16777216	174
minusCase	-3	-3	-16777216	-16777215	1879048440
minusCase	-3	-2	-2	-3	96
minusCase	-3	-1	1	-2	-148
minusCase	-3	0	16777215	-1	-872415114
minusCase	-3	1	16777219	0	872415366
minusCase	-3	2	-16777219	1	872415438
minusCase	-3	3	-16777215	2	872415126
minusCase	-3	16777215	-1	3	738197294
minusCase	-3	16777216	2	16777215	-1879048024
minusCase	-3	16777217	16777216	16777216	-1543503970
minusCase	-3	16777219	33554435	16777217	-2
minusCase	-3	33554435	-16777217	16777219	805305918
minusCase	-2	-33554435	-2	-16777217	469761940
minusCase	-2	-16777219	1	-16777216	-1879047952
minusCase	-2	-16777217	16777215	-16777215	-1543503838
minusCase	-2	-16777216	16777219	-3	-536870792
minusCase	-2	-16777215	-16777219	-2	536870876
minusCase	-2	-3	-16777215	-1	872415046
minusCase	-2	-2	-1	0	68
minusCase	-2	-1	2	1	104
minusCase	-2	0	16777216	2	872415286
minusCase	-2	1	33554435	3	-1744830506
minusCase	-2	2	-16777217	16777215	1879048320
minusCase	-2	3	-3	16777216	1140850846
minusCase	-2	16777215	0	16777217	1879048180
minusCase	-2	16777216	3	16777219	-1744830936
minusCase	-2	16777217	16777217	33554435	-2415919446
minusCase	-2	16777219	-33554435	-33554435	-3422552374
minusCase	-2	33554435	-16777216	-16777219	-805305862
minusCase	-1	-33554435	-1	-3	1476395046
minusCase	-1	-16777219	2	-2	-738197602
minusCase	-1	-16777217	16777216	-1	-536870836
minusCase	-1	-16777216	33554435	0	-1140850472
minusCase	-1	-16777215	-16777217	1	-402653196
minusCase	-1	-3	-3	2	-100
minusCase	-1	-2	0	3	-248
minusCase	-1	-1	3	16777215	1140850578
minusCase	-1	0	16777217	16777216	1879048252
minusCase	-1	1	-33554435	16777217	738197744
minusCase	-1	2	-16777216	16777219	2013265540
minusCase	-1	3	-2	33554435	2281701846
minusCase	-1	16777215	1	-33554435	2751463060
minusCase	-1	16777216	16777215	-16777219	1543503550
minusCase	-1	16777217	16777219	-16777217	1543503622
minusCase	-1	16777219	-16777219	-16777216	-1543503786
minusCase	-1	33554435	-16777215	-16777215	-671088794
minusCase	0	-33554435	0	0	1476395162
minusCase	0	-16777219	3	1	738197506
minusCase	0	-16777217	16777217	2	536870804
minusCase	0	-16777216	-33554435	3	-1140850584
minusCase	0	-16777215	-16777216	16777215	-1543503734
minusCase	0	-3	-2	16777216	-1140850710
minusCase	0	-2	1	16777217	1140850810
minusCase	0	-1	16777215	16777219	2013265604
minusCase	0	0	16777219	33554435	3154117080
minusCase	0	1	-16777219	-33554435	-3154117084
minusCase	0	2	-16777215	-16777219	-2013265600
minusCase	0	3	-1	-16777217	-1140850642
minusCase	0	16777215	2	-16777216	1744830484
minusCase	0	16777216	16777216	-16777215	1543503858
minusCase	0	16777217	33554435	-3	1140850736
minusCase	0	16777219	-16777217	-2	-536870892
minusCase	0	33554435	-3	-1	-1476395118
minusCase	1	-33554435	1	3	-1476395026
minusCase	1	-16777219	16777215	16777215	-1543503938
minusCase	1	-16777217	16777219	16777216	-1543503650
minusCase	1	-16777216	-16777219	16777217	1543503678
minusCase	1	-16777215	-16777215	16777219	1543504158
minusCase	1	-3	-1	33554435	2281701834
minusCase	1	-2	2	-33554435	2281701666
minusCase	1	-1	16777216	-16777219	1879048512
minusCase	1	0	33554435	-16777217	738197300
minusCase	1	1	-16777217	-16777216	1879048216
minusCase	1	2	-3	-16777215	1140850438
minusCase	1	3	0	-3	148
minusCase	1	16777215	3	-2	-738197390
minusCase	1	16777216	16777217	-1	-402653292
minusCase	1	16777217	-33554435	0	1140850912
minusCase	1	16777219	-16777216	1	-536870756
minusCase	1	33554435	-2	2	-1476395098
minusCase	2	-33554435	2	16777217	-469762252
minusCase	2	-16777219	16777216	16777219	-1543504278
minusCase	2	-16777217	33554435	33554435	-3422551574
minusCase	2	-16777216	-16777217	-33554435	-2415919398
minusCase	2	-16777215	-3	-16777219	-1879047792
minusCase	2	-3	0	-16777217	-1140850518
minusCase	2	-2	3	-16777216	1140850490
minusCase	2	-1	16777217	-16777215	2013265812
minusCase	2	0	-33554435	-3	-1744830494
minusCase	2	1	-16777216	-2	872415082
minusCase	2	2	-2	-1	140
minusCase	2	3	1	0	-128
minusCase	2	16777215	16777215	1	402653240
minusCase	2	16777216	16777219	2	402653340
minusCase	2	16777217	-16777219	3	-402653264
minusCase	2	16777219	-16777215	16777215	-1543503902
minusCase	2	33554435	-1	16777216	-469762264
minusCase	3	-33554435	3	-33554435	3489661284
minusCase	3	-16777219	16777217	-16777219	1543504358
minusCase	3	-16777217	-33554435	-16777217	-138
minusCase	3	-16777216	-16777216	-16777216	-1543503802
minusCase	3	-16777215	-2	-16777215	-1744830664
minusCase	3	-3	1	-3	40
minusCase	3	-2	16777215	-2	872415002
minusCase	3	-1	16777219	-1	872415410
minusCase	3	0	-16777219	0	-872415422
minusCase	3	1	-16777215	1	-872415118
minusCase	3	2	-1	2	-48
minusCase	3	3	2	3	204
minusCase	3	16777215	16777216	16777215	1543504022
minusCase	3	16777216	33554435	16777216	150
minusCase	3	16777217	-16777217	16777217	-1543503802
minusCase	3	16777219	-3	16777219	-1744830804
minusCase	3	33554435	0	33554435	-3489661440
minusCase	16777215	-33554435	16777215	-16777216	872414976
minusCase	16777215	-16777219	16777219	-16777215	1073741896
minusCase	16777215	-16777217	-16777219	-3	-67108886
minusCase	16777215	-16777216	-16777215	-2	-67108706
minusCase	16777215	-16777215	-1	-1	-805306400
minusCase	16777215	-3	2	0	469761854
minusCase	16777215	-2	16777216	1	-805306248
minusCase	16777215	-1	33554435	2	-1946156864
minusCase	16777215	0	-16777217	3	671088776
minusCase	16777215	1	-3	16777215	-1476395028
minusCase	16777215	2	0	16777216	-1610612628
minusCase	16777215	3	3	16777217	1610612516
minusCase	16777215	16777215	16777217	16777219	1073742192
minusCase	16777215	16777216	-33554435	33554435	-3623878168
minusCase	16777215	16777217	-16777216	-33554435	2348810552
minusCase	16777215	16777219	-2	-16777219	1946156790
minusCase	16777215	33554435	1	-16777217	-158
minusCase	16777216	-33554435	16777216	-2	1879048198
minusCase	16777216	-16777219	33554435	-1	1476395034
minusCase	16777216	-16777217	-16777217	0	-67108898
minusCase	16777216	-16777216	-3	1	939523944
minusCase	16777216	-16777215	0	2	939523968
minusCase	16777216	-3	3	3	-469762226
minusCase	16777216	-2	16777217	16777215	-1811939094
minusCase	16777216	-1	-33554435	16777216	805306510
minusCase	16777216	0	-16777216	16777217	1811939306
minusCase	16777216	1	-2	16777219	-1476395400
minusCase	16777216	2	1	33554435	2483028296
minusCase	16777216	3	16777215	-33554435	-2818572026
minusCase	16777216	16777215	16777219	-16777219	-1207959160
minusCase	16777216	16777216	-16777219	-16777217	1207959344
minusCase	16777216	16777217	-16777215	-16777216	1073741824
minusCase	16777216	16777219	-1	-16777215	1946156802
minusCase	16777216	33554435	2	-3	-1140850708
minusCase	16777217	-33554435	16777217	1	-1879048334
minusCase	16777217	-16777219	-33554435	2	1476395014
minusCase	16777217	-16777217	-16777216	3	67109034
minusCase	16777217	-16777216	-2	16777215	1946157062
minusCase	16777217	-16777215	1	16777216	-1946157030
minusCase	16777217	-3	16777215	16777217	-1811939074
minusCase	16777217	-2	16777219	16777219	-1811939758
minusCase	16777217	-1	-16777219	33554435	2684354974
minusCase	16777217	0	-16777215	-33554435	-2818572006
minusCase	16777217	1	-1	-16777219	1476395348
minusCase	16777217	2	2	-16777217	-1610612724
minusCase	16777217	3	16777216	-16777216	-1811939218
minusCase	16777217	16777215	33554435	-16777215	-469762184
minusCase	16777217	16777216	-16777217	-3	67108626
minusCase	16777217	16777217	-3	-2	805306396
minusCase	16777217	16777219	0	-1	805306572
minusCase	16777217	33554435	3	0	-1140850708
minusCase	16777219	-33554435	16777219	16777215	-872415096
minusCase	16777219	-16777219	-16777219	16777216	1073741840
minusCase	16777219	-16777217	-16777215	16777217	1073741936
minusCase	16777219	-16777216	-1	16777219	1946156754
minusCase	16777219	-16777215	2	33554435	-3221225170
minusCase	16777219	-3	16777216	-33554435	2684355046
minusCase	16777219	-2	33554435	-16777219	805306818
minusCase	16777219	-1	-16777217	-16777217	-1811939378
minusCase	16777219	0	-3	-16777216	-1610612528
minusCase	16777219	1	0	-16777215	1610612608
minusCase	16777219	2	3	-3	-469762142
minusCase	16777219	3	16777217	-2	-671088824
minusCase	16777219	16777215	-33554435	-1	1610612594
minusCase	16777219	16777216	-16777216	0	67108782
minusCase	16777219	16777217	-2	1	-805306580
minusCase	16777219	16777219	1	2	805306556
minusCase	16777219	33554435	16777215	3	2013265906
minusCase	33554435	-33554435	33554435	16777219	-1275068704
minusCase	33554435	-16777219	-16777217	33554435	2952789552
minusCase	33554435	-16777217	-3	-33554435	-2617245238
minusCase	33554435	-16777216	0	-16777219	-1476394650
minusCase	33554435	-16777215	3	-16777217	1342177522
minusCase	33554435	-3	16777217	-16777216	1342177046
minusCase	33554435	-2	-33554435	-16777215	-335544110
minusCase	33554435	-1	-16777216	-3	-201326372
minusCase	33554435	0	-2	-2	-939524174
minusCase	33554435	1	1	-1	-939524122
minusCase	33554435	2	16777215	0	-201326476
minusCase	33554435	3	16777219	1	201326828
minusCase	33554435	16777215	-16777219	2	-671088498
minusCase	33554435	16777216	-16777215	3	-671088422
minusCase	33554435	16777217	-1	16777215	-1476394822
minusCase	33554435	16777219	2	16777216	1342177422
minusCase	33554435	33554435	16777216	16777217	268435648
timesCase	-33554435	-33554435	-33554435	-16777219	553648268
timesCase	-33554435	-16777219	-16777216	-16777217	419430056
timesCase	-33554435	-16777217	-2	-16777216	1426063532
timesCase	-33554435	-16777216	1	-16777215	-1426063255
timesCase	-33554435	-16777215	16777215	-3	-100663349
timesCase	-33554435	-3	16777219	-2	-1375731750
timesCase	-33554435	-2	-16777219	-1	1375732129
timesCase	-33554435	-1	-16777215	0	1375731704
timesCase	-33554435	0	-1	1	-469762155
timesCase	-33554435	1	2	2	-469762270
timesCase	-33554435	2	16777216	3	-1375731883
timesCase	-33554435	3	33554435	16777215	-2432696191
timesCase	-33554435	16777215	-16777217	16777216	385875856
timesCase	-33554435	16777216	-3	16777217	1526726878
timesCase	-33554435	16777217	0	16777219	-1526726540
timesCase	-33554435	16777219	3	33554435	-1711276482
timesCase	-33554435	33554435	16777217	-33554435	3221225772
timesCase	-16777219	-33554435	-16777219	-16777215	3774873487
timesCase	-16777219	-16777219	-16777215	-3	469761779
timesCase	-16777219	-16777217	-1	-2	1442840664
timesCase	-16777219	-16777216	2	-1	-1442840763
timesCase	-16777219	-16777215	16777216	0	-402653088
timesCase	-16777219	-3	33554435	1	2449473679
timesCase	-16777219	-2	-16777217	2	-1140850522
timesCase	-16777219	-1	-3	3	-234881205
timesCase	-16777219	0	0	16777215	520093657
timesCase	-16777219	1	3	16777216	-520093558
timesCase	-16777219	2	16777217	16777217	-1358954344
timesCase	-16777219	3	-33554435	16777219	2197815532
timesCase	-16777219	16777215	-16777216	33554435	905969708
timesCase	-16777219	16777216	-2	-33554435	-2080374552
timesCase	-16777219	16777217	1	-16777219	1224736706
timesCase	-16777219	16777219	16777215	-16777217	184549104
timesCase	-16777219	33554435	16777219	-16777216	3774873680
timesCase	-16777217	-33554435	-16777217	-1	4026532209
timesCase	-16777217	-16777219	-3	0	1442840182
timesCase	-16777217	-16777217	0	1	1442840559
timesCase	-16777217	-16777216	3	2	1442840372
timesCase	-16777217	-16777215	16777217	3	335544421
timesCase	-16777217	-3	-33554435	16777215	-2164260999
timesCase	-16777217	-2	-16777216	16777216	-1358954320
timesCase	-16777217	-1	-2	16777217	-486539460
timesCase	-16777217	0	1	16777219	486539250
timesCase	-16777217	1	16777215	33554435	-1644167284
timesCase	-16777217	2	16777219	-33554435	1644166700
timesCase	-16777217	3	-16777219	-16777219	-1392508812
timesCase	-16777217	16777215	-16777215	-16777217	-117440464
timesCase	-16777217	16777216	-1	-16777216	-1258291278
timesCase	-16777217	16777217	2	-16777215	1258291059
timesCase	-16777217	16777219	16777216	-3	469761683
timesCase	-16777217	33554435	33554435	-2	570425122
timesCase	-16777216	-33554435	-16777216	2	-4026532162
timesCase	-16777216	-16777219	-2	3	-1442840119
timesCase	-16777216	-16777217	1	16777215	1157627999
timesCase	-16777216	-16777216	16777215	16777216	150994840
timesCase	-16777216	-16777215	16777219	16777217	83885712
timesCase	-16777216	-3	-16777219	16777219	-1392508804
timesCase	-16777216	-2	-16777215	33554435	-1644167324
timesCase	-16777216	-1	-1	-33554435	805306286
timesCase	-16777216	0	2	-16777219	-486539048
timesCase	-16777216	1	16777216	-16777217	1392508840
timesCase	-16777216	2	33554435	-16777216	2164260592
timesCase	-16777216	3	-16777217	-16777215	-1358954217
timesCase	-16777216	16777215	-3	-3	-1509949571
timesCase	-16777216	16777216	0	-2	1509949474
timesCase	-16777216	16777217	3	-1	1509949691
timesCase	-16777216	16777219	16777217	0	469761696
timesCase	-16777216	33554435	-33554435	1	570425135
timesCase	-16777215	-33554435	-16777215	16777216	-3774873338
timesCase	-16777215	-16777219	-1	16777217	-1157628196
timesCase	-16777215	-16777217	2	16777219	1157627694
timesCase	-16777215	-16777216	16777216	33554435	973078450
timesCase	-16777215	-16777215	33554435	-33554435	-3825205694
timesCase	-16777215	-3	-16777217	-16777219	1358954818
timesCase	-16777215	-2	-3	-16777217	486539176
timesCase	-16777215	-1	0	-16777216	-486539178
timesCase	-16777215	0	3	-16777215	-486539509
timesCase	-16777215	1	16777217	-3	1140850581
timesCase	-16777215	2	-33554435	-2	-2449473252
timesCase	-16777215	3	-16777216	-1	-1073742105
timesCase	-16777215	16777215	-2	0	-1509949646
timesCase	-16777215	16777216	1	1	-1509949521
timesCase	-16777215	16777217	16777215	2	-402653112
timesCase	-16777215	16777219	16777219	3	-469761957
timesCase	-16777215	33554435	-16777219	16777215	3808428151
timesCase	-3	-33554435	-3	33554435	-2449474020
timesCase	-3	-16777219	0	-33554435	-2046820622
timesCase	-3	-16777217	3	-16777219	-1224736904
timesCase	-3	-16777216	16777217	-16777217	-117440554
timesCase	-3	-16777215	-33554435	-16777216	3674209822
timesCase	-3	-3	-16777216	-16777215	1560281393
timesCase	-3	-2	-2	-3	49
timesCase	-3	-1	1	-2	-30
timesCase	-3	0	16777215	-1	-1308622753
timesCase	-3	1	16777219	0	1308623174
timesCase	-3	2	-16777219	1	1308623265
timesCase	-3	3	-16777215	2	1308622488
timesCase	-3	16777215	-1	3	1476394993
timesCase	-3	16777216	2	16777215	-1191182501
timesCase	-3	16777217	16777216	16777216	-150994986
timesCase	-3	16777219	33554435	16777217	-3573546794
timesCase	-3	33554435	-16777217	16777219	3976199882
timesCase	-2	-33554435	-2	-16777217	2701132256
timesCase	-2	-16777219	1	-16777216	-1224737078
timesCase	-2	-16777217	16777215	-16777215	-83886189
timesCase	-2	-16777216	16777219	-3	-369099025
timesCase	-2	-16777215	-16777219	-2	436207270
timesCase	-2	-3	-16777215	-1	1308622485
timesCase	-2	-2	-1	0	230
timesCase	-2	-1	2	1	207
timesCase	-2	0	16777216	2	1308622906
timesCase	-2	1	33554435	3	-2617246175
timesCase	-2	2	-16777217	16777215	1560281253
timesCase	-2	3	-3	16777216	285212170
timesCase	-2	16777215	0	16777217	-1191182404
timesCase	-2	16777216	3	16777219	-1191182158
timesCase	-2	16777217	16777217	33554435	-1006632872
timesCase	-2	16777219	-33554435	-33554435	-3858759840
timesCase	-2	33554435	-16777216	-16777219	-3976199936
timesCase	-1	-33554435	-1	-3	2952790291
timesCase	-1	-16777219	2	-2	-1476395476
timesCase	-1	-16777217	16777216	-1	-369098781
timesCase	-1	-16777216	33554435	0	-3288334766
timesCase	-1	-16777215	-16777217	1	-436207691
timesCase	-1	-3	-3	2	-462
timesCase	-1	-2	0	3	143
timesCase	-1	-1	3	16777215	285212497
timesCase	-1	0	16777217	16777216	1593835506
timesCase	-1	1	-33554435	16777217	2365587002
timesCase	-1	2	-16777216	16777219	1560280862
timesCase	-1	3	-2	33554435	570425810
timesCase	-1	16777215	1	-33554435	1979711392
timesCase	-1	16777216	16777215	-16777219	184549422
timesCase	-1	16777217	16777219	-16777217	150994634
timesCase	-1	16777219	-16777219	-16777216	-117440614
timesCase	-1	33554435	-16777215	-16777215	-3976200491
timesCase	0	-33554435	0	0	2952790368
timesCase	0	-16777219	3	1	-1476395419
timesCase	0	-16777217	16777217	2	-369098786
timesCase	0	-16777216	-33554435	3	3288334765
timesCase	0	-16777215	-16777216	16777215	184549305
timesCase	0	-3	-2	16777216	285212268
timesCase	0	-2	1	16777217	-285212418
timesCase	0	-1	16777215	16777219	-1560280964
timesCase	0	0	16777219	33554435	-1811939708
timesCase	0	1	-16777219	-33554435	1811939620
timesCase	0	2	-16777215	-16777219	1560280956
timesCase	0	3	-1	-16777217	285213002
timesCase	0	16777215	2	-16777216	-1191182140
timesCase	0	16777216	16777216	-16777215	-150994961
timesCase	0	16777217	33554435	-3	-3422551661
timesCase	0	16777219	-16777217	-2	369098370
timesCase	0	33554435	-3	-1	2952790439
timesCase	1	-33554435	1	3	-2952790291
timesCase	1	-16777219	16777215	16777215	-83886361
timesCase	1	-16777217	16777219	16777216	-117440202
timesCase	1	-16777216	-16777219	16777217	117440198
timesCase	1	-16777215	-16777215	16777219	184549490
timesCase	1	-3	-1	33554435	570425608
timesCase	1	-2	2	-33554435	570425446
timesCase	1	-1	16777216	-16777219	1593835538
timesCase	1	0	33554435	-16777217	2365587886
timesCase	1	1	-16777217	-16777216	1560280998
timesCase	1	2	-3	-16777215	285212583
timesCase	1	3	0	-3	-315
timesCase	1	16777215	3	-2	-1476394850
timesCase	1	16777216	16777217	-1	-436207585
timesCase	1	16777217	-33554435	0	3422551662
timesCase	1	16777219	-16777216	1	-369098431
timesCase	1	33554435	-2	2	-2952790508
timesCase	2	-33554435	2	16777217	-2701131296
timesCase	2	-16777219	16777216	16777219	-117440832
timesCase	2	-16777217	33554435	33554435	-3858760192
timesCase	2	-16777216	-16777217	-33554435	-939524008
timesCase	2	-16777215	-3	-16777219	-1191182106
timesCase	2	-3	0	-16777217	285212948
timesCase	2	-2	3	-16777216	285212742
timesCase	2	-1	16777217	-16777215	1593835435
timesCase	2	0	-33554435	-3	-2617246129
timesCase	2	1	-16777216	-2	1308622742
timesCase	2	2	-2	-1	57
timesCase	2	3	1	0	-342
timesCase	2	16777215	16777215	1	436207667
timesCase	2	16777216	16777219	2	436207354
timesCase	2	16777217	-16777219	3	-436207335
timesCase	2	16777219	-16777215	16777215	-83886395
timesCase	2	33554435	-1	16777216	-2701131506
timesCase	3	-33554435	3	-33554435	2449474020
timesCase	3	-16777219	16777217	-16777219	117440782
timesCase	3	-16777217	-33554435	-16777217	-3573547446
timesCase	3	-16777216	-16777216	-16777216	-83886038
timesCase	3	-16777215	-2	-16777215	-1191182583
timesCase	3	-3	1	-3	351
timesCase	3	-2	16777215	-2	1308622624
timesCase	3	-1	16777219	-1	1308623195
timesCase	3	0	-16777219	0	-1308623134
timesCase	3	1	-16777215	1	-1308622843
timesCase	3	2	-1	2	-234
timesCase	3	3	2	3	387
timesCase	3	16777215	16777216	16777215	150995043
timesCase	3	16777216	33554435	16777216	3674210698
timesCase	3	16777217	-16777217	16777217	-184549334
timesCase	3	16777219	-3	16777219	-1224737248
timesCase	3	33554435	0	33554435	2449473846
timesCase	16777215	-33554435	16777215	-16777216	3774873866
timesCase	16777215	-16777219	16777219	-16777215	184549445
timesCase	16777215	-16777217	-16777219	-3	-469761783
timesCase	16777215	-16777216	-16777215	-2	-402653256
timesCase	16777215	-16777215	-1	-1	-1509949447
timesCase	16777215	-3	2	0	234880614
timesCase	16777215	-2	16777216	1	-1140850515
timesCase	16777215	-1	33554435	2	-2449473068
timesCase	16777215	0	-16777217	3	1073741887
timesCase	16777215	1	-3	16777215	-486539427
timesCase	16777215	2	0	16777216	486539426
timesCase	16777215	3	3	16777217	486539744
timesCase	16777215	16777215	16777217	16777219	83886102
timesCase	16777215	16777216	-33554435	33554435	-3825205714
timesCase	16777215	16777217	-16777216	-33554435	905969590
timesCase	16777215	16777219	-2	-16777219	1157627506
timesCase	16777215	33554435	1	-16777217	-2902458084
timesCase	16777216	-33554435	16777216	-2	4026532162
timesCase	16777216	-16777219	33554435	-1	3388997841
timesCase	16777216	-16777217	-16777217	0	-469762048
timesCase	16777216	-16777216	-3	1	1442840825
timesCase	16777216	-16777215	0	2	-1509949322
timesCase	16777216	-3	3	3	-234881489
timesCase	16777216	-2	16777217	16777215	-1358954335
timesCase	16777216	-1	-33554435	16777216	2197814840
timesCase	16777216	0	-16777216	16777217	1392508928
timesCase	16777216	1	-2	16777219	-520093840
timesCase	16777216	2	1	33554435	738197666
timesCase	16777216	3	16777215	-33554435	-1644166876
timesCase	16777216	16777215	16777219	-16777219	-117440220
timesCase	16777216	16777216	-16777219	-16777217	117440200
timesCase	16777216	16777217	-16777215	-16777216	83886184
timesCase	16777216	16777219	-1	-16777215	1191182077
timesCase	16777216	33554435	2	-3	-3187671537
timesCase	16777217	-33554435	16777217	1	-4026532209
timesCase	16777217	-16777219	-33554435	2	3388997854
timesCase	16777217	-16777217	-16777216	3	469761997
timesCase	16777217	-16777216	-2	16777215	1191182197
timesCase	16777217	-16777215	1	16777216	-1224736794
timesCase	16777217	-3	16777215	16777217	-1392509296
timesCase	16777217	-2	16777219	16777219	-1358954956
timesCase	16777217	-1	-16777219	33554435	1644167468
timesCase	16777217	0	-16777215	-33554435	-1644167124
timesCase	16777217	1	-1	-16777219	520093790
timesCase	16777217	2	2	-16777217	-520093748
timesCase	16777217	3	16777216	-16777216	-1358954760
timesCase	16777217	16777215	33554435	-16777215	-3573547497
timesCase	16777217	16777216	-16777217	-3	335544371
timesCase	16777217	16777217	-3	-2	1509949236
timesCase	16777217	16777219	0	-1	-1442840911
timesCase	16777217	33554435	3	0	-3187671478
timesCase	16777219	-33554435	16777219	16777215	-3774873487
timesCase	16777219	-16777219	-16777219	16777216	150994832
timesCase	16777219	-16777217	-16777215	16777217	184549456
timesCase	16777219	-16777216	-1	16777219	1191182390
timesCase	16777219	-16777215	2	33554435	-2080374608
timesCase	16777219	-3	16777216	-33554435	1644167540
timesCase	16777219	-2	33554435	-16777219	2197815660
timesCase	16777219	-1	-16777217	-16777217	-1392508832
timesCase	16777219	0	-3	-16777216	-520093906
timesCase	16777219	1	0	-16777215	-520093569
timesCase	16777219	2	3	-3	-234881103
timesCase	16777219	3	16777217	-2	-1073742110
timesCase	16777219	16777215	-33554435	-1	3321888273
timesCase	16777219	16777216	-16777216	0	335544376
timesCase	16777219	16777217	-2	1	-1509949261
timesCase	16777219	16777219	1	2	1442840840
timesCase	16777219	33554435	16777215	3	4093640397
timesCase	33554435	-33554435	33554435	16777219	-553648316
timesCase	33554435	-16777219	-16777217	33554435	738197220
timesCase	33554435	-16777217	-3	-33554435	-1711276182
timesCase	33554435	-16777216	0	-16777219	1426063484
timesCase	33554435	-16777215	3	-16777217	1526726522
timesCase	33554435	-3	16777217	-16777216	1124073776
timesCase	33554435	-2	-33554435	-16777215	-2432696057
timesCase	33554435	-1	-16777216	-3	-1375731629
timesCase	33554435	0	-2	-2	-469762178
timesCase	33554435	1	1	-1	-469762097
timesCase	33554435	2	16777215	0	-1375731472
timesCase	33554435	3	16777219	1	1375731735
timesCase	33554435	16777215	-16777219	2	-100662922
timesCase	33554435	16777216	-16777215	3	-100663395
timesCase	33554435	16777217	-1	16777215	-1526726757
timesCase	33554435	16777219	2	16777216	1426062852
timesCase	33554435	33554435	16777216	16777217	4076863128
edgePlus	0	1	7	13	0	469025
edgePlus	0	1	7	13	1	469057
edgePlus	0	1	7	13	2	467109
edgePlus	0	1	7	13	3	472262
edgePlus	0	1	7	13	4	465127
edgePlus	0	1	7	13	5	472328
edgePlus	0	1	7	13	6	460073
edgePlus	0	1	7	13	7	472394
edgePlus	0	1	7	13	8	372075
edgePlus	0	1	7	13	9	405900
edgePlus	0	1	7	13	10	101475
edgePlus	0	1	7	13	11	135300
edgePlus	0	1	7	13	12	0
edgePlus	0	1	7	13	13	473550
edgePlus	0	1	7	13	14	46509
edgePlus	0	1	7	13	15	473550
edgePlus	0	1	7	13	16	439725
edgePlus	0	1	7	13	17	473550
edgePlus	0	1	7	13	18	473550
edgePlus	0	1	7	13	19	472526
edgePlus	0	1	7	13	20	472493
edgePlus	1	2	8	14	0	437409
edgePlus	1	2	8	14	1	437410
edgePlus	1	2	8	14	2	437733
edgePlus	1	2	8	14	3	437286
edgePlus	1	2	8	14	4	437543
edgePlus	1	2	8	14	5	437672
edgePlus	1	2	8	14	6	437705
edgePlus	1	2	8	14	7	437514
edgePlus	1	2	8	14	8	363883
edgePlus	1	2	8	14	9	394636
edgePlus	1	2	8	14	10	101475
edgePlus	1	2	8	14	11	135300
edgePlus	1	2	8	14	12	0
edgePlus	1	2	8	14	13	44494
edgePlus	1	2	8	14	14	437677
edgePlus	1	2	8	14	15	470478
edgePlus	1	2	8	14	16	437677
edgePlus	1	2	8	14	17	470478
edgePlus	1	2	8	14	18	470478
edgePlus	1	2	8	14	19	437710
edgePlus	1	2	8	14	20	437773
edgePlus	2	3	9	15	0	471237
edgePlus	2	3	9	15	1	471237
edgePlus	2	3	9	15	2	471087
edgePlus	2	3	9	15	3	471553
edgePlus	2	3	9	15	4	471497
edgePlus	2	3	9	15	5	471373
edgePlus	2	3	9	15	6	471278
edgePlus	2	3	9	15	7	471464
edgePlus	2	3	9	15	8	361835
edgePlus	2	3	9	15	9	397708
edgePlus	2	3	9	15	10	101475
edgePlus	2	3	9	15	11	135300
edgePlus	2	3	9	15	12	0
edgePlus	2	3	9	15	13	471502
edgePlus	2	3	9	15	14	471469
edgePlus	2	3	9	15	15	471502
edgePlus	2	3	9	15	16	45485
edgePlus	2	3	9	15	17	471502
edgePlus	2	3	9	15	18	569806
edgePlus	2	3	9	15	19	471534
edgePlus	2	3	9	15	20	471472
edgePlus	3	4	10	16	0	429286
edgePlus	3	4	10	16	1	429286
edgePlus	3	4	10	16	2	429345
edgePlus	3	4	10	16	3	429520
edgePlus	3	4	10	16	4	429518
edgePlus	3	4	10	16	5	429098
edgePlus	3	4	10	16	6	429511
edgePlus	3	4	10	16	7	429261
edgePlus	3	4	10	16	8	363883
edgePlus	3	4	10	16	9	396684
edgePlus	3	4	10	16	10	101475
edgePlus	3	4	10	16	11	131204
edgePlus	3	4	10	16	12	0
edgePlus	3	4	10	16	13	429518
edgePlus	3	4	10	16	14	429485
edgePlus	3	4	10	16	15	36302
edgePlus	3	4	10	16	16	429485
edgePlus	3	4	10	16	17	462286
edgePlus	3	4	10	16	18	462286
edgePlus	3	4	10	16	19	429519
edgePlus	3	4	10	16	20	429517
edgePlus	4	5	11	17	0	463111
edgePlus	4	5	11	17	1	463111
edgePlus	4	5	11	17	2	463273
edgePlus	4	5	11	17	3	463182
edgePlus	4	5	11	17	4	462894
edgePlus	4	5	11	17	5	463265
edgePlus	4	5	11	17	6	463022
edgePlus	4	5	11	17	7	463270
edgePlus	4	5	11	17	8	364907
edgePlus	4	5	11	17	9	397708
edgePlus	4	5	11	17	10	98403
edgePlus	4	5	11	17	11	135300
edgePlus	4	5	11	17	12	0
edgePlus	4	5	11	17	13	463310
edgePlus	4	5	11	17	14	463277
edgePlus	4	5	11	17	15	463310
edgePlus	4	5	11	17	16	463277
edgePlus	4	5	11	17	17	463310
edgePlus	4	5	11	17	18	463310
edgePlus	4	5	11	17	19	463278
edgePlus	4	5	11	17	20	463278
edgePlus	5	6	12	18	0	459048
edgePlus	5	6	12	18	1	459048
edgePlus	5	6	12	18	2	459213
edgePlus	5	6	12	18	3	458986
edgePlus	5	6	12	18	4	459201
edgePlus	5	6	12	18	5	458925
edgePlus	5	6	12	18	6	459205
edgePlus	5	6	12	18	7	458797
edgePlus	5	6	12	18	8	360811
edgePlus	5	6	12	18	9	393612
edgePlus	5	6	12	18	10	98403
edgePlus	5	6	12	18	11	131204
edgePlus	5	6	12	18	12	0
edgePlus	5	6	12	18	13	459214
edgePlus	5	6	12	18	14	459181
edgePlus	5	6	12	18	15	557518
edgePlus	5	6	12	18	16	459181
edgePlus	5	6	12	18	17	459214
edgePlus	5	6	12	18	18	459214
edgePlus	5	6	12	18	19	459213
edgePlus	5	6	12	18	20	459213
edgePlus	6	7	13	19	0	473417
edgePlus	6	7	13	19	1	473417
edgePlus	6	7	13	19	2	473358
edgePlus	6	7	13	19	3	506279
edgePlus	6	7	13	19	4	473294
edgePlus	6	7	13	19	5	440741
edgePlus	6	7	13	19	6	473134
edgePlus	6	7	13	19	7	440737
edgePlus	6	7	13	19	8	372075
edgePlus	6	7	13	19	9	405900
edgePlus	6	7	13	19	10	101475
edgePlus	6	7	13	19	11	135300
edgePlus	6	7	13	19	12	0
edgePlus	6	7	13	19	13	473550
edgePlus	6	7	13	19	14	427437
edgePlus	6	7	13	19	15	473550
edgePlus	6	7	13	19	16	439725
edgePlus	6	7	13	19	17	473550
edgePlus	6	7	13	19	18	473550
edgePlus	6	7	13	19	19	473518
edgePlus	6	7	13	19	20	47534
edgePlus	7	8	14	20	0	439658
edgePlus	7	8	14	20	1	439658
edgePlus	7	8	14	20	2	537960
edgePlus	7	8	14	20	3	439661
edgePlus	7	8	14	20	4	472422
edgePlus	7	8	14	20	5	439661
edgePlus	7	8	14	20	6	472417
edgePlus	7	8	14	20	7	439661
edgePlus	7	8	14	20	8	371819
edgePlus	7	8	14	20	9	405548
edgePlus	7	8	14	20	10	101475
edgePlus	7	8	14	20	11	135300
edgePlus	7	8	14	20	12	0
edgePlus	7	8	14	20	13	460142
edgePlus	7	8	14	20	14	439661
edgePlus	7	8	14	20	15	473454
edgePlus	7	8	14	20	16	439661
edgePlus	7	8	14	20	17	473454
edgePlus	7	8	14	20	18	473454
edgePlus	7	8	14	20	19	46445
edgePlus	7	8	14	20	20	439661
edgePlus	8	9	15	0	0	47499
edgePlus	8	9	15	0	1	47499
edgePlus	8	9	15	0	2	178571
edgePlus	8	9	15	0	3	211339
edgePlus	8	9	15	0	4	244107
edgePlus	8	9	15	0	5	276875
edgePlus	8	9	15	0	6	309643
edgePlus	8	9	15	0	7	342411
edgePlus	8	9	15	0	8	371747
edgePlus	8	9	15	0	9	405633
edgePlus	8	9	15	0	10	101475
edgePlus	8	9	15	0	11	135300
edgePlus	8	9	15	0	12	0
edgePlus	8	9	15	0	13	473483
edgePlus	8	9	15	0	14	440715
edgePlus	8	9	15	0	15	473483
edgePlus	8	9	15	0	16	427403
edgePlus	8	9	15	0	17	473483
edgePlus	8	9	15	0	18	476555
edgePlus	8	9	15	0	19	473483
edgePlus	8	9	15	0	20	440715
edgePlus	9	10	16	1	0	46188
edgePlus	9	10	16	1	1	78956
edgePlus	9	10	16	1	2	177260
edgePlus	9	10	16	1	3	210028
edgePlus	9	10	16	1	4	242796
edgePlus	9	10	16	1	5	275564
edgePlus	9	10	16	1	6	308332
edgePlus	9	10	16	1	7	341100
edgePlus	9	10	16	1	8	371809
edgePlus	9	10	16	1	9	405604
edgePlus	9	10	16	1	10	101475
edgePlus	9	10	16	1	11	135172
edgePlus	9	10	16	1	12	0
edgePlus	9	10	16	1	13	472172
edgePlus	9	10	16	1	14	439404
edgePlus	9	10	16	1	15	459884
edgePlus	9	10	16	1	16	439404
edgePlus	9	10	16	1	17	473196
edgePlus	9	10	16	1	18	473196
edgePlus	9	10	16	1	19	472172
edgePlus	9	10	16	1	20	439404
edgePlus	10	11	17	2	0	178307
edgePlus	10	11	17	2	1	178307
edgePlus	10	11	17	2	2	505987
edgePlus	10	11	17	2	3	47235
edgePlus	10	11	17	2	4	309379
edgePlus	10	11	17	2	5	440451
edgePlus	10	11	17	2	6	473219
edgePlus	10	11	17	2	7	276611
edgePlus	10	11	17	2	8	371843
edgePlus	10	11	17	2	9	405635
edgePlus	10	11	17	2	10	101379
edgePlus	10	11	17	2	11	135296
edgePlus	10	11	17	2	12	0
edgePlus	10	11	17	2	13	473219
edgePlus	10	11	17	2	14	440451
edgePlus	10	11	17	2	15	473219
edgePlus	10	11	17	2	16	440451
edgePlus	10	11	17	2	17	473219
edgePlus	10	11	17	2	18	473219
edgePlus	10	11	17	2	19	473219
edgePlus	10	11	17	2	20	538755
edgePlus	11	12	18	3	0	210948
edgePlus	11	12	18	3	1	210948
edgePlus	11	12	18	3	2	47108
edgePlus	11	12	18	3	3	538628
edgePlus	11	12	18	3	4	473092
edgePlus	11	12	18	3	5	342020
edgePlus	11	12	18	3	6	243716
edgePlus	11	12	18	3	7	440324
edgePlus	11	12	18	3	8	371716
edgePlus	11	12	18	3	9	405508
edgePlus	11	12	18	3	10	101376
edgePlus	11	12	18	3	11	135172
edgePlus	11	12	18	3	12	0
edgePlus	11	12	18	3	13	473092
edgePlus	11	12	18	3	14	440324
edgePlus	11	12	18	3	15	476164
edgePlus	11	12	18	3	16	440324
edgePlus	11	12	18	3	17	473092
edgePlus	11	12	18	3	18	473092
edgePlus	11	12	18	3	19	505860
edgePlus	11	12	18	3	20	440324
edgePlus	12	13	19	4	0	244160
edgePlus	12	13	19	4	1	244160
edgePlus	12	13	19	4	2	309696
edgePlus	12	13	19	4	3	474560
edgePlus	12	13	19	4	4	473536
edgePlus	12	13	19	4	5	46528
edgePlus	12	13	19	4	6	473536
edgePlus	12	13	19	4	7	210368
edgePlus	12	13	19	4	8	372064
edgePlus	12	13	19	4	9	405888
edgePlus	12	13	19	4	10	101472
edgePlus	12	13	19	4	11	135296
edgePlus	12	13	19	4	12	0
edgePlus	12	13	19	4	13	473536
edgePlus	12	13	19	4	14	439328
edgePlus	12	13	19	4	15	473536
edgePlus	12	13	19	4	16	439712
edgePlus	12	13	19	4	17	473536
edgePlus	12	13	19	4	18	473536
edgePlus	12	13	19	4	19	473536
edgePlus	12	13	19	4	20	460224
edgePlus	13	14	20	5	0	275886
edgePlus	13	14	20	5	1	275886
edgePlus	13	14	20	5	2	442798
edgePlus	13	14	20	5	3	341422
edgePlus	13	14	20	5	4	47534
edgePlus	13	14	20	5	5	439726
edgePlus	13	14	20	5	6	178606
edgePlus	13	14	20	5	7	439726
edgePlus	13	14	20	5	8	372075
edgePlus	13	14	20	5	9	405900
edgePlus	13	14	20	5	10	101475
edgePlus	13	14	20	5	11	135300
edgePlus	13	14	20	5	12	0
edgePlus	13	14	20	5	13	473134
edgePlus	13	14	20	5	14	439713
edgePlus	13	14	20	5	15	473550
edgePlus	13	14	20	5	16	439725
edgePlus	13	14	20	5	17	473550
edgePlus	13	14	20	5	18	473550
edgePlus	13	14	20	5	19	427438
edgePlus	13	14	20	5	20	439726
edgePlus	14	15	0	6	0	296397
edgePlus	14	15	0	6	1	296397
edgePlus	14	15	0	6	2	464333
edgePlus	14	15	0	6	3	235981
edgePlus	14	15	0	6	4	466381
edgePlus	14	15	0	6	5	172493
edgePlus	14	15	0	6	6	468429
edgePlus	14	15	0	6	7	43469
edgePlus	14	15	0	6	8	372075
edgePlus	14	15	0	6	9	405900
edgePlus	14	15	0	6	10	101475
edgePlus	14	15	0	6	11	135300
edgePlus	14	15	0	6	12	0
edgePlus	14	15	0	6	13	473537
edgePlus	14	15	0	6	14	439757
edgePlus	14	15	0	6	15	473550
edgePlus	14	15	0	6	16	439341
edgePlus	14	15	0	6	17	473550
edgePlus	14	15	0	6	18	473646
edgePlus	14	15	0	6	19	473549
edgePlus	14	15	0	6	20	472525
edgePlus	15	16	1	7	0	329134
edgePlus	15	16	1	7	1	330158
edgePlus	15	16	1	7	2	267694
edgePlus	15	16	1	7	3	432558
edgePlus	15	16	1	7	4	204206
edgePlus	15	16	1	7	5	434606
edgePlus	15	16	1	7	6	42414
edgePlus	15	16	1	7	7	436654
edgePlus	15	16	1	7	8	372075
edgePlus	15	16	1	7	9	405900
edgePlus	15	16	1	7	10	101475
edgePlus	15	16	1	7	11	135300
edgePlus	15	16	1	7	12	0
edgePlus	15	16	1	7	13	473518
edgePlus	15	16	1	7	14	439726
edgePlus	15	16	1	7	15	473134
edgePlus	15	16	1	7	16	439713
edgePlus	15	16	1	7	17	473550
edgePlus	15	16	1	7	18	473553
edgePlus	15	16	1	7	19	440750
edgePlus	15	16	1	7	20	439726
edgePlus	16	17	2	8	0	366029
edgePlus	16	17	2	8	1	366029
edgePlus	16	17	2	8	2	376269
edgePlus	16	17	2	8	3	361933
edgePlus	16	17	2	8	4	370125
edgePlus	16	17	2	8	5	374221
edgePlus	16	17	2	8	6	375245
edgePlus	16	17	2	8	7	369101
edgePlus	16	17	2	8	8	109931
edgePlus	16	17	2	8	9	45452
edgePlus	16	17	2	8	10	101475
edgePlus	16	17	2	8	11	135300
edgePlus	16	17	2	8	12	0
edgePlus	16	17	2	8	13	375245
edgePlus	16	17	2	8	14	374221
edgePlus	16	17	2	8	15	375233
edgePlus	16	17	2	8	16	374221
edgePlus	16	17	2	8	17	375246
edgePlus	16	17	2	8	18	375246
edgePlus	16	17	2	8	19	375245
edgePlus	16	17	2	8	20	377293
edgePlus	17	18	3	9	0	399822
edgePlus	17	18	3	9	1	399822
edgePlus	17	18	3	9	2	394702
edgePlus	17	18	3	9	3	410062
edgePlus	17	18	3	9	4	408014
edgePlus	17	18	3	9	5	403918
edgePlus	17	18	3	9	6	400846
edgePlus	17	18	3	9	7	406990
edgePlus	17	18	3	9	8	44395
edgePlus	17	18	3	9	9	143756
edgePlus	17	18	3	9	10	101475
edgePlus	17	18	3	9	11	135300
edgePlus	17	18	3	9	12	0
edgePlus	17	18	3	9	13	408014
edgePlus	17	18	3	9	14	406990
edgePlus	17	18	3	9	15	408110
edgePlus	17	18	3	9	16	406990
edgePlus	17	18	3	9	17	408014
edgePlus	17	18	3	9	18	408014
edgePlus	17	18	3	9	19	409038
edgePlus	17	18	3	9	20	406990
edgePlus	18	19	4	10	0	105934
edgePlus	18	19	4	10	1	105934
edgePlus	18	19	4	10	2	107982
edgePlus	18	19	4	10	3	113134
edgePlus	18	19	4	10	4	113102
edgePlus	18	19	4	10	5	99758
edgePlus	18	19	4	10	6	113102
edgePlus	18	19	4	10	7	104878
edgePlus	18	19	4	10	8	109931
edgePlus	18	19	4	10	9	110988
edgePlus	18	19	4	10	10	101475
edgePlus	18	19	4	10	11	4228
edgePlus	18	19	4	10	12	0
edgePlus	18	19	4	10	13	113102
edgePlus	18	19	4	10	14	112046
edgePlus	18	19	4	10	15	113105
edgePlus	18	19	4	10	16	112046
edgePlus	18	19	4	10	17	113102
edgePlus	18	19	4	10	18	113102
edgePlus	18	19	4	10	19	113102
edgePlus	18	19	4	10	20	112686
edgePlus	19	20	5	11	0	139694
edgePlus	19	20	5	11	1	139694
edgePlus	19	20	5	11	2	144910
edgePlus	19	20	5	11	3	141743
edgePlus	19	20	5	11	4	132558
edgePlus	19	20	5	11	5	144813
edgePlus	19	20	5	11	6	136654
edgePlus	19	20	5	11	7	144813
edgePlus	19	20	5	11	8	142699
edgePlus	19	20	5	11	9	143756
edgePlus	19	20	5	11	10	3171
edgePlus	19	20	5	11	11	135300
edgePlus	19	20	5	11	12	0
edgePlus	19	20	5	11	13	145870
edgePlus	19	20	5	11	14	144813
edgePlus	19	20	5	11	15	145870
edgePlus	19	20	5	11	16	144813
edgePlus	19	20	5	11	17	145870
edgePlus	19	20	5	11	18	145870
edgePlus	19	20	5	11	19	144430
edgePlus	19	20	5	11	20	144801
edgePlus	20	0	6	12	0	9261
edgePlus	20	0	6	12	1	9261
edgePlus	20	0	6	12	2	14512
edgePlus	20	0	6	12	3	7373
edgePlus	20	0	6	12	4	14574
edgePlus	20	0	6	12	5	5389
edgePlus	20	0	6	12	6	14638
edgePlus	20	0	6	12	7	1357
edgePlus	20	0	6	12	8	11627
edgePlus	20	0	6	12	9	12684
edgePlus	20	0	6	12	10	3171
edgePlus	20	0	6	12	11	4228
edgePlus	20	0	6	12	12	0
edgePlus	20	0	6	12	13	14798
edgePlus	20	0	6	12	14	13741
edgePlus	20	0	6	12	15	14798
edgePlus	20	0	6	12	16	13741
edgePlus	20	0	6	12	17	14798
edgePlus	20	0	6	12	18	14798
edgePlus	20	0	6	12	19	14785
edgePlus	20	0	6	12	20	14765
edgeMinus	0	1	7	13	0	469057
edgeMinus	0	1	7	13	1	469025
edgeMinus	0	1	7	13	2	472262
edgeMinus	0	1	7	13	3	467109
edgeMinus	0	1	7	13	4	472328
edgeMinus	0	1	7	13	5	465127
edgeMinus	0	1	7	13	6	472394
edgeMinus	0	1	7	13	7	460073
edgeMinus	0	1	7	13	8	405900
edgeMinus	0	1	7	13	9	372075
edgeMinus	0	1	7	13	10	135300
edgeMinus	0	1	7	13	11	101475
edgeMinus	0	1	7	13	12	0
edgeMinus	0	1	7	13	13	46509
edgeMinus	0	1	7	13	14	473550
edgeMinus	0	1	7	13	15	439725
edgeMinus	0	1	7	13	16	473550
edgeMinus	0	1	7	13	17	439725
edgeMinus	0	1	7	13	18	439725
edgeMinus	0	1	7	13	19	472493
edgeMinus	0	1	7	13	20	472526
edgeMinus	1	2	8	14	0	437410
edgeMinus	1	2	8	14	1	437409
edgeMinus	1	2	8	14	2	437286
edgeMinus	1	2	8	14	3	437733
edgeMinus	1	2	8	14	4	437672
edgeMinus	1	2	8	14	5	437543
edgeMinus	1	2	8	14	6	437514
edgeMinus	1	2	8	14	7	437705
edgeMinus	1	2	8	14	8	394636
edgeMinus	1	2	8	14	9	363883
edgeMinus	1	2	8	14	10	135300
edgeMinus	1	2	8	14	11	101475
edgeMinus	1	2	8	14	12	0
edgeMinus	1	2	8	14	13	437677
edgeMinus	1	2	8	14	14	44494
edgeMinus	1	2	8	14	15	437677
edgeMinus	1	2	8	14	16	470478
edgeMinus	1	2	8	14	17	437677
edgeMinus	1	2	8	14	18	437677
edgeMinus	1	2	8	14	19	437773
edgeMinus	1	2	8	14	20	437710
edgeMinus	2	3	9	15	0	471237
edgeMinus	2	3	9	15	1	471237
edgeMinus	2	3	9	15	2	471553
edgeMinus	2	3	9	15	3	471087
edgeMinus	2	3	9	15	4	471373
edgeMinus	2	3	9	15	5	471497
edgeMinus	2	3	9	15	6	471464
edgeMinus	2	3	9	15	7	471278
edgeMinus	2	3	9	15	8	397708
edgeMinus	2	3	9	15	9	361835
edgeMinus	2	3	9	15	10	135300
edgeMinus	2	3	9	15	11	101475
edgeMinus	2	3	9	15	12	0
edgeMinus	2	3	9	15	13	471469
edgeMinus	2	3	9	15	14	471502
edgeMinus	2	3	9	15	15	45485
edgeMinus	2	3	9	15	16	471502
edgeMinus	2	3	9	15	17	438701
edgeMinus	2	3	9	15	18	438701
edgeMinus	2	3	9	15	19	471472
edgeMinus	2	3	9	15	20	471534
edgeMinus	3	4	10	16	0	429286
edgeMinus	3	4	10	16	1	429286
edgeMinus	3	4	10	16	2	429520
edgeMinus	3	4	10	16	3	429345
edgeMinus	3	4	10	16	4	429098
edgeMinus	3	4	10	16	5	429518
edgeMinus	3	4	10	16	6	429261
edgeMinus	3	4	10	16	7	429511
edgeMinus	3	4	10	16	8	396684
edgeMinus	3	4	10	16	9	363883
edgeMinus	3	4	10	16	10	131204
edgeMinus	3	4	10	16	11	101475
edgeMinus	3	4	10	16	12	0
edgeMinus	3	4	10	16	13	429485
edgeMinus	3	4	10	16	14	429518
edgeMinus	3	4	10	16	15	429485
edgeMinus	3	4	10	16	16	36302
edgeMinus	3	4	10	16	17	429485
edgeMinus	3	4	10	16	18	593325
edgeMinus	3	4	10	16	19	429517
edgeMinus	3	4	10	16	20	429519
edgeMinus	4	5	11	17	0	463111
edgeMinus	4	5	11	17	1	463111
edgeMinus	4	5	11	17	2	463182
edgeMinus	4	5	11	17	3	463273
edgeMinus	4	5	11	17	4	463265
edgeMinus	4	5	11	17	5	462894
edgeMinus	4	5	11	17	6	463270
edgeMinus	4	5	11	17	7	463022
edgeMinus	4	5	11	17	8	397708
edgeMinus	4	5	11	17	9	364907
edgeMinus	4	5	11	17	10	135300
edgeMinus	4	5	11	17	11	98403
edgeMinus	4	5	11	17	12	0
edgeMinus	4	5	11	17	13	463277
edgeMinus	4	5	11	17	14	463310
edgeMinus	4	5	11	17	15	463277
edgeMinus	4	5	11	17	16	463310
edgeMinus	4	5	11	17	17	37293
edgeMinus	4	5	11	17	18	430509
edgeMinus	4	5	11	17	19	463278
edgeMinus	4	5	11	17	20	463278
edgeMinus	5	6	12	18	0	459048
edgeMinus	5	6	12	18	1	459048
edgeMinus	5	6	12	18	2	458986
edgeMinus	5	6	12	18	3	459213
edgeMinus	5	6	12	18	4	458925
edgeMinus	5	6	12	18	5	459201
edgeMinus	5	6	12	18	6	458797
edgeMinus	5	6	12	18	7	459205
edgeMinus	5	6	12	18	8	393612
edgeMinus	5	6	12	18	9	360811
edgeMinus	5	6	12	18	10	131204
edgeMinus	5	6	12	18	11	98403
edgeMinus	5	6	12	18	12	0
edgeMinus	5	6	12	18	13	459181
edgeMinus	5	6	12	18	14	459214
edgeMinus	5	6	12	18	15	459181
edgeMinus	5	6	12	18	16	557518
edgeMinus	5	6	12	18	17	459181
edgeMinus	5	6	12	18	18	33197
edgeMinus	5	6	12	18	19	459213
edgeMinus	5	6	12	18	20	459213
edgeMinus	6	7	13	19	0	473417
edgeMinus	6	7	13	19	1	473417
edgeMinus	6	7	13	19	2	506279
edgeMinus	6	7	13	19	3	473358
edgeMinus	6	7	13	19	4	440741
edgeMinus	6	7	13	19	5	473294
edgeMinus	6	7	13	19	6	440737
edgeMinus	6	7	13	19	7	473134
edgeMinus	6	7	13	19	8	405900
edgeMinus	6	7	13	19	9	372075
edgeMinus	6	7	13	19	10	135300
edgeMinus	6	7	13	19	11	101475
edgeMinus	6	7	13	19	12	0
edgeMinus	6	7	13	19	13	427437
edgeMinus	6	7	13	19	14	473550
edgeMinus	6	7	13	19	15	439725
edgeMinus	6	7	13	19	16	473550
edgeMinus	6	7	13	19	17	439725
edgeMinus	6	7	13	19	18	439725
edgeMinus	6	7	13	19	19	47534
edgeMinus	6	7	13	19	20	473518
edgeMinus	7	8	14	20	0	439658
edgeMinus	7	8	14	20	1	439658
edgeMinus	7	8	14	20	2	439661
edgeMinus	7	8	14	20	3	537960
edgeMinus	7	8	14	20	4	439661
edgeMinus	7	8	14	20	5	472422
edgeMinus	7	8	14	20	6	439661
edgeMinus	7	8	14	20	7	472417
edgeMinus	7	8	14	20	8	405548
edgeMinus	7	8	14	20	9	371819
edgeMinus	7	8	14	20	10	135300
edgeMinus	7	8	14	20	11	101475
edgeMinus	7	8	14	20	12	0
edgeMinus	7	8	14	20	13	439661
edgeMinus	7	8	14	20	14	460142
edgeMinus	7	8	14	20	15	439661
edgeMinus	7	8	14	20	16	473454
edgeMinus	7	8	14	20	17	439661
edgeMinus	7	8	14	20	18	439661
edgeMinus	7	8	14	20	19	439661
edgeMinus	7	8	14	20	20	46445
edgeMinus	8	9	15	0	0	47499
edgeMinus	8	9	15	0	1	47499
edgeMinus	8	9	15	0	2	211339
edgeMinus	8	9	15	0	3	178571
edgeMinus	8	9	15	0	4	276875
edgeMinus	8	9	15	0	5	244107
edgeMinus	8	9	15	0	6	342411
edgeMinus	8	9	15	0	7	309643
edgeMinus	8	9	15	0	8	405633
edgeMinus	8	9	15	0	9	371747
edgeMinus	8	9	15	0	10	135300
edgeMinus	8	9	15	0	11	101475
edgeMinus	8	9	15	0	12	0
edgeMinus	8	9	15	0	13	440715
edgeMinus	8	9	15	0	14	473483
edgeMinus	8	9	15	0	15	427403
edgeMinus	8	9	15	0	16	473483
edgeMinus	8	9	15	0	17	439691
edgeMinus	8	9	15	0	18	439691
edgeMinus	8	9	15	0	19	440715
edgeMinus	8	9	15	0	20	473483
edgeMinus	9	10	16	1	0	78956
edgeMinus	9	10	16	1	1	46188
edgeMinus	9	10	16	1	2	210028
edgeMinus	9	10	16	1	3	177260
edgeMinus	9	10	16	1	4	275564
edgeMinus	9	10	16	1	5	242796
edgeMinus	9	10	16	1	6	341100
edgeMinus	9	10	16	1	7	308332
edgeMinus	9	10	16	1	8	405604
edgeMinus	9	10	16	1	9	371809
edgeMinus	9	10	16	1	10	135172
edgeMinus	9	10	16	1	11	101475
edgeMinus	9	10	16	1	12	0
edgeMinus	9	10	16	1	13	439404
edgeMinus	9	10	16	1	14	472172
edgeMinus	9	10	16	1	15	439404
edgeMinus	9	10	16	1	16	459884
edgeMinus	9	10	16	1	17	439404
edgeMinus	9	10	16	1	18	444524
edgeMinus	9	10	16	1	19	439404
edgeMinus	9	10	16	1	20	472172
edgeMinus	10	11	17	2	0	178307
edgeMinus	10	11	17	2	1	178307
edgeMinus	10	11	17	2	2	47235
edgeMinus	10	11	17	2	3	505987
edgeMinus	10	11	17	2	4	440451
edgeMinus	10	11	17	2	5	309379
edgeMinus	10	11	17	2	6	276611
edgeMinus	10	11	17	2	7	473219
edgeMinus	10	11	17	2	8	405635
edgeMinus	10	11	17	2	9	371843
edgeMinus	10	11	17	2	10	135296
edgeMinus	10	11	17	2	11	101379
edgeMinus	10	11	17	2	12	0
edgeMinus	10	11	17	2	13	440451
edgeMinus	10	11	17	2	14	473219
edgeMinus	10	11	17	2	15	440451
edgeMinus	10	11	17	2	16	473219
edgeMinus	10	11	17	2	17	427139
edgeMinus	10	11	17	2	18	439427
edgeMinus	10	11	17	2	19	538755
edgeMinus	10	11	17	2	20	473219
edgeMinus	11	12	18	3	0	210948
edgeMinus	11	12	18	3	1	210948
edgeMinus	11	12	18	3	2	538628
edgeMinus	11	12	18	3	3	47108
edgeMinus	11	12	18	3	4	342020
edgeMinus	11	12	18	3	5	473092
edgeMinus	11	12	18	3	6	440324
edgeMinus	11	12	18	3	7	243716
edgeMinus	11	12	18	3	8	405508
edgeMinus	11	12	18	3	9	371716
edgeMinus	11	12	18	3	10	135172
edgeMinus	11	12	18	3	11	101376
edgeMinus	11	12	18	3	12	0
edgeMinus	11	12	18	3	13	440324
edgeMinus	11	12	18	3	14	473092
edgeMinus	11	12	18	3	15	440324
edgeMinus	11	12	18	3	16	476164
edgeMinus	11	12	18	3	17	440324
edgeMinus	11	12	18	3	18	427012
edgeMinus	11	12	18	3	19	440324
edgeMinus	11	12	18	3	20	505860
edgeMinus	12	13	19	4	0	244160
edgeMinus	12	13	19	4	1	244160
edgeMinus	12	13	19	4	2	474560
edgeMinus	12	13	19	4	3	309696
edgeMinus	12	13	19	4	4	46528
edgeMinus	12	13	19	4	5	473536
edgeMinus	12	13	19	4	6	210368
edgeMinus	12	13	19	4	7	473536
edgeMinus	12	13	19	4	8	405888
edgeMinus	12	13	19	4	9	372064
edgeMinus	12	13	19	4	10	135296
edgeMinus	12	13	19	4	11	101472
edgeMinus	12	13	19	4	12	0
edgeMinus	12	13	19	4	13	439328
edgeMinus	12	13	19	4	14	473536
edgeMinus	12	13	19	4	15	439712
edgeMinus	12	13	19	4	16	473536
edgeMinus	12	13	19	4	17	439712
edgeMinus	12	13	19	4	18	439712
edgeMinus	12	13	19	4	19	460224
edgeMinus	12	13	19	4	20	473536
edgeMinus	13	14	20	5	0	275886
edgeMinus	13	14	20	5	1	275886
edgeMinus	13	14	20	5	2	341422
edgeMinus	13	14	20	5	3	442798
edgeMinus	13	14	20	5	4	439726
edgeMinus	13	14	20	5	5	47534
edgeMinus	13	14	20	5	6	439726
edgeMinus	13	14	20	5	7	178606
edgeMinus	13	14	20	5	8	405900
edgeMinus	13	14	20	5	9	372075
edgeMinus	13	14	20	5	10	135300
edgeMinus	13	14	20	5	11	101475
edgeMinus	13	14	20	5	12	0
edgeMinus	13	14	20	5	13	439713
edgeMinus	13	14	20	5	14	473134
edgeMinus	13	14	20	5	15	439725
edgeMinus	13	14	20	5	16	473550
edgeMinus	13	14	20	5	17	439725
edgeMinus	13	14	20	5	18	439725
edgeMinus	13	14	20	5	19	439726
edgeMinus	13	14	20	5	20	427438
edgeMinus	14	15	0	6	0	296397
edgeMinus	14	15	0	6	1	296397
edgeMinus	14	15	0	6	2	235981
edgeMinus	14	15	0	6	3	464333
edgeMinus	14	15	0	6	4	172493
edgeMinus	14	15	0	6	5	466381
edgeMinus	14	15	0	6	6	43469
edgeMinus	14	15	0	6	7	468429
edgeMinus	14	15	0	6	8	405900
edgeMinus	14	15	0	6	9	372075
edgeMinus	14	15	0	6	10	135300
edgeMinus	14	15	0	6	11	101475
edgeMinus	14	15	0	6	12	0
edgeMinus	14	15	0	6	13	439757
edgeMinus	14	15	0	6	14	473537
edgeMinus	14	15	0	6	15	439341
edgeMinus	14	15	0	6	16	473550
edgeMinus	14	15	0	6	17	439725
edgeMinus	14	15	0	6	18	439725
edgeMinus	14	15	0	6	19	472525
edgeMinus	14	15	0	6	20	473549
edgeMinus	15	16	1	7	0	330158
edgeMinus	15	16	1	7	1	329134
edgeMinus	15	16	1	7	2	432558
edgeMinus	15	16	1	7	3	267694
edgeMinus	15	16	1	7	4	434606
edgeMinus	15	16	1	7	5	204206
edgeMinus	15	16	1	7	6	436654
edgeMinus	15	16	1	7	7	42414
edgeMinus	15	16	1	7	8	405900
edgeMinus	15	16	1	7	9	372075
edgeMinus	15	16	1	7	10	135300
edgeMinus	15	16	1	7	11	101475
edgeMinus	15	16	1	7	12	0
edgeMinus	15	16	1	7	13	439726
edgeMinus	15	16	1	7	14	473518
edgeMinus	15	16	1	7	15	439713
edgeMinus	15	16	1	7	16	473134
edgeMinus	15	16	1	7	17	439725
edgeMinus	15	16	1	7	18	439885
edgeMinus	15	16	1	7	19	439726
edgeMinus	15	16	1	7	20	440750
edgeMinus	16	17	2	8	0	366029
edgeMinus	16	17	2	8	1	366029
edgeMinus	16	17	2	8	2	361933
edgeMinus	16	17	2	8	3	376269
edgeMinus	16	17	2	8	4	374221
edgeMinus	16	17	2	8	5	370125
edgeMinus	16	17	2	8	6	369101
edgeMinus	16	17	2	8	7	375245
edgeMinus	16	17	2	8	8	45452
edgeMinus	16	17	2	8	9	109931
edgeMinus	16	17	2	8	10	135300
edgeMinus	16	17	2	8	11	101475
edgeMinus	16	17	2	8	12	0
edgeMinus	16	17	2	8	13	374221
edgeMinus	16	17	2	8	14	375245
edgeMinus	16	17	2	8	15	374221
edgeMinus	16	17	2	8	16	375233
edgeMinus	16	17	2	8	17	373805
edgeMinus	16	17	2	8	18	374194
edgeMinus	16	17	2	8	19	377293
edgeMinus	16	17	2	8	20	375245
edgeMinus	17	18	3	9	0	399822
edgeMinus	17	18	3	9	1	399822
edgeMinus	17	18	3	9	2	410062
edgeMinus	17	18	3	9	3	394702
edgeMinus	17	18	3	9	4	403918
edgeMinus	17	18	3	9	5	408014
edgeMinus	17	18	3	9	6	406990
edgeMinus	17	18	3	9	7	400846
edgeMinus	17	18	3	9	8	143756
edgeMinus	17	18	3	9	9	44395
edgeMinus	17	18	3	9	10	135300
edgeMinus	17	18	3	9	11	101475
edgeMinus	17	18	3	9	12	0
edgeMinus	17	18	3	9	13	406990
edgeMinus	17	18	3	9	14	408014
edgeMinus	17	18	3	9	15	406990
edgeMinus	17	18	3	9	16	408110
edgeMinus	17	18	3	9	17	406977
edgeMinus	17	18	3	9	18	406573
edgeMinus	17	18	3	9	19	406990
edgeMinus	17	18	3	9	20	409038
edgeMinus	18	19	4	10	0	105934
edgeMinus	18	19	4	10	1	105934
edgeMinus	18	19	4	10	2	113134
edgeMinus	18	19	4	10	3	107982
edgeMinus	18	19	4	10	4	99758
edgeMinus	18	19	4	10	5	113102
edgeMinus	18	19	4	10	6	104878
edgeMinus	18	19	4	10	7	113102
edgeMinus	18	19	4	10	8	110988
edgeMinus	18	19	4	10	9	109931
edgeMinus	18	19	4	10	10	4228
edgeMinus	18	19	4	10	11	101475
edgeMinus	18	19	4	10	12	0
edgeMinus	18	19	4	10	13	112046
edgeMinus	18	19	4	10	14	113102
edgeMinus	18	19	4	10	15	112046
edgeMinus	18	19	4	10	16	113105
edgeMinus	18	19	4	10	17	112046
edgeMinus	18	19	4	10	18	112033
edgeMinus	18	19	4	10	19	112686
edgeMinus	18	19	4	10	20	113102
edgeMinus	19	20	5	11	0	139694
edgeMinus	19	20	5	11	1	139694
edgeMinus	19	20	5	11	2	141743
edgeMinus	19	20	5	11	3	144910
edgeMinus	19	20	5	11	4	144813
edgeMinus	19	20	5	11	5	132558
edgeMinus	19	20	5	11	6	144813
edgeMinus	19	20	5	11	7	136654
edgeMinus	19	20	5	11	8	143756
edgeMinus	19	20	5	11	9	142699
edgeMinus	19	20	5	11	10	135300
edgeMinus	19	20	5	11	11	3171
edgeMinus	19	20	5	11	12	0
edgeMinus	19	20	5	11	13	144813
edgeMinus	19	20	5	11	14	145870
edgeMinus	19	20	5	11	15	144813
edgeMinus	19	20	5	11	16	145870
edgeMinus	19	20	5	11	17	144813
edgeMinus	19	20	5	11	18	144813
edgeMinus	19	20	5	11	19	144801
edgeMinus	19	20	5	11	20	144430
edgeMinus	20	0	6	12	0	9261
edgeMinus	20	0	6	12	1	9261
edgeMinus	20	0	6	12	2	7373
edgeMinus	20	0	6	12	3	14512
edgeMinus	20	0	6	12	4	5389
edgeMinus	20	0	6	12	5	14574
edgeMinus	20	0	6	12	6	1357
edgeMinus	20	0	6	12	7	14638
edgeMinus	20	0	6	12	8	12684
edgeMinus	20	0	6	12	9	11627
edgeMinus	20	0	6	12	10	4228
edgeMinus	20	0	6	12	11	3171
edgeMinus	20	0	6	12	12	0
edgeMinus	20	0	6	12	13	13741
edgeMinus	20	0	6	12	14	14798
edgeMinus	20	0	6	12	15	13741
edgeMinus	20	0	6	12	16	14798
edgeMinus	20	0	6	12	17	13741
edgeMinus	20	0	6	12	18	13741
edgeMinus	20	0	6	12	19	14765
edgeMinus	20	0	6	12	20	14785
edgeTimes	0	1	7	13	0	34881
edgeTimes	0	1	7	13	1	66594
edgeTimes	0	1	7	13	2	34881
edgeTimes	0	1	7	13	3	66594
edgeTimes	0	1	7	13	4	460865
edgeTimes	0	1	7	13	5	427042
edgeTimes	0	1	7	13	6	460865
edgeTimes	0	1	7	13	7	427042
edgeTimes	0	1	7	13	8	472129
edgeTimes	0	1	7	13	9	440354
edgeTimes	0	1	7	13	10	102400
edgeTimes	0	1	7	13	11	134144
edgeTimes	0	1	7	13	12	0
edgeTimes	0	1	7	13	13	472129
edgeTimes	0	1	7	13	14	440354
edgeTimes	0	1	7	13	15	469057
edgeTimes	0	1	7	13	16	435234
edgeTimes	0	1	7	13	17	472129
edgeTimes	0	1	7	13	18	472129
edgeTimes	0	1	7	13	19	493633
edgeTimes	0	1	7	13	20	525346
edgeTimes	1	2	8	14	0	66594
edgeTimes	1	2	8	14	1	34881
edgeTimes	1	2	8	14	2	79906
edgeTimes	1	2	8	14	3	46145
edgeTimes	1	2	8	14	4	440354
edgeTimes	1	2	8	14	5	472129
edgeTimes	1	2	8	14	6	440354
edgeTimes	1	2	8	14	7	472129
edgeTimes	1	2	8	14	8	429506
edgeTimes	1	2	8	14	9	463265
edgeTimes	1	2	8	14	10	134240
edgeTimes	1	2	8	14	11	102528
edgeTimes	1	2	8	14	12	0
edgeTimes	1	2	8	14	13	440354
edgeTimes	1	2	8	14	14	472129
edgeTimes	1	2	8	14	15	437410
edgeTimes	1	2	8	14	16	471233
edgeTimes	1	2	8	14	17	429506
edgeTimes	1	2	8	14	18	429506
edgeTimes	1	2	8	14	19	538658
edgeTimes	1	2	8	14	20	504897
edgeTimes	2	3	9	15	0	34881
edgeTimes	2	3	9	15	1	66594
edgeTimes	2	3	9	15	2	177217
edgeTimes	2	3	9	15	3	210978
edgeTimes	2	3	9	15	4	242753
edgeTimes	2	3	9	15	5	276514
edgeTimes	2	3	9	15	6	308289
edgeTimes	2	3	9	15	7	342050
edgeTimes	2	3	9	15	8	364974
edgeTimes	2	3	9	15	9	396749
edgeTimes	2	3	9	15	10	102531
edgeTimes	2	3	9	15	11	134244
edgeTimes	2	3	9	15	12	0
edgeTimes	2	3	9	15	13	472129
edgeTimes	2	3	9	15	14	440354
edgeTimes	2	3	9	15	15	471237
edgeTimes	2	3	9	15	16	437414
edgeTimes	2	3	9	15	17	463278
edgeTimes	2	3	9	15	18	463278
edgeTimes	2	3	9	15	19	472129
edgeTimes	2	3	9	15	20	440354
edgeTimes	3	4	10	16	0	65570
edgeTimes	3	4	10	16	1	32833
edgeTimes	3	4	10	16	2	199714
edgeTimes	3	4	10	16	3	168001
edgeTimes	3	4	10	16	4	265250
edgeTimes	3	4	10	16	5	233537
edgeTimes	3	4	10	16	6	330786
edgeTimes	3	4	10	16	7	299073
edgeTimes	3	4	10	16	8	396749
edgeTimes	3	4	10	16	9	364974
edgeTimes	3	4	10	16	10	134244
edgeTimes	3	4	10	16	11	102531
edgeTimes	3	4	10	16	12	0
edgeTimes	3	4	10	16	13	429506
edgeTimes	3	4	10	16	14	463265
edgeTimes	3	4	10	16	15	429286
edgeTimes	3	4	10	16	16	463109
edgeTimes	3	4	10	16	17	429517
edgeTimes	3	4	10	16	18	429517
edgeTimes	3	4	10	16	19	429090
edgeTimes	3	4	10	16	20	462913
edgeTimes	4	5	11	17	0	32833
edgeTimes	4	5	11	17	1	65570
edgeTimes	4	5	11	17	2	462913
edgeTimes	4	5	11	17	3	429090
edgeTimes	4	5	11	17	4	462913
edgeTimes	4	5	11	17	5	429090
edgeTimes	4	5	11	17	6	462913
edgeTimes	4	5	11	17	7	429090
edgeTimes	4	5	11	17	8	102830
edgeTimes	4	5	11	17	9	134605
edgeTimes	4	5	11	17	10	102531
edgeTimes	4	5	11	17	11	134244
edgeTimes	4	5	11	17	12	0
edgeTimes	4	5	11	17	13	463278
edgeTimes	4	5	11	17	14	429517
edgeTimes	4	5	11	17	15	463111
edgeTimes	4	5	11	17	16	429288
edgeTimes	4	5	11	17	17	463278
edgeTimes	4	5	11	17	18	463278
edgeTimes	4	5	11	17	19	462913
edgeTimes	4	5	11	17	20	429090
edgeTimes	5	6	12	18	0	32802
edgeTimes	5	6	12	18	1	65601
edgeTimes	5	6	12	18	2	458786
edgeTimes	5	6	12	18	3	426049
edgeTimes	5	6	12	18	4	458786
edgeTimes	5	6	12	18	5	426049
edgeTimes	5	6	12	18	6	458786
edgeTimes	5	6	12	18	7	426049
edgeTimes	5	6	12	18	8	98765
edgeTimes	5	6	12	18	9	131502
edgeTimes	5	6	12	18	10	98404
edgeTimes	5	6	12	18	11	131203
edgeTimes	5	6	12	18	12	0
edgeTimes	5	6	12	18	13	459213
edgeTimes	5	6	12	18	14	426414
edgeTimes	5	6	12	18	15	459048
edgeTimes	5	6	12	18	16	426311
edgeTimes	5	6	12	18	17	459213
edgeTimes	5	6	12	18	18	459213
edgeTimes	5	6	12	18	19	458786
edgeTimes	5	6	12	18	20	426049
edgeTimes	6	7	13	19	0	33857
edgeTimes	6	7	13	19	1	67618
edgeTimes	6	7	13	19	2	33857
edgeTimes	6	7	13	19	3	67618
edgeTimes	6	7	13	19	4	47169
edgeTimes	6	7	13	19	5	78882
edgeTimes	6	7	13	19	6	47169
edgeTimes	6	7	13	19	7	78882
edgeTimes	6	7	13	19	8	473518
edgeTimes	6	7	13	19	9	439757
edgeTimes	6	7	13	19	10	101507
edgeTimes	6	7	13	19	11	135268
edgeTimes	6	7	13	19	12	0
edgeTimes	6	7	13	19	13	506286
edgeTimes	6	7	13	19	14	538061
edgeTimes	6	7	13	19	15	473417
edgeTimes	6	7	13	19	16	439594
edgeTimes	6	7	13	19	17	473518
edgeTimes	6	7	13	19	18	473518
edgeTimes	6	7	13	19	19	48193
edgeTimes	6	7	13	19	20	81954
edgeTimes	7	8	14	20	0	67618
edgeTimes	7	8	14	20	1	33857
edgeTimes	7	8	14	20	2	68034
edgeTimes	7	8	14	20	3	34209
edgeTimes	7	8	14	20	4	79298
edgeTimes	7	8	14	20	5	47521
edgeTimes	7	8	14	20	6	79298
edgeTimes	7	8	14	20	7	47521
edgeTimes	7	8	14	20	8	439405
edgeTimes	7	8	14	20	9	473230
edgeTimes	7	8	14	20	10	135268
edgeTimes	7	8	14	20	11	101507
edgeTimes	7	8	14	20	12	0
edgeTimes	7	8	14	20	13	538061
edgeTimes	7	8	14	20	14	506286
edgeTimes	7	8	14	20	15	439658
edgeTimes	7	8	14	20	16	473481
edgeTimes	7	8	14	20	17	439405
edgeTimes	7	8	14	20	18	439405
edgeTimes	7	8	14	20	19	82370
edgeTimes	7	8	14	20	20	48545
edgeTimes	8	9	15	0	0	33857
edgeTimes	8	9	15	0	1	67618
edgeTimes	8	9	15	0	2	38318
edgeTimes	8	9	15	0	3	72141
edgeTimes	8	9	15	0	4	40366
edgeTimes	8	9	15	0	5	74189
edgeTimes	8	9	15	0	6	42414
edgeTimes	8	9	15	0	7	76237
edgeTimes	8	9	15	0	8	44163
edgeTimes	8	9	15	0	9	77924
edgeTimes	8	9	15	0	10	3203
edgeTimes	8	9	15	0	11	4196
edgeTimes	8	9	15	0	12	0
edgeTimes	8	9	15	0	13	47534
edgeTimes	8	9	15	0	14	79309
edgeTimes	8	9	15	0	15	47499
edgeTimes	8	9	15	0	16	79212
edgeTimes	8	9	15	0	17	47235
edgeTimes	8	9	15	0	18	47235
edgeTimes	8	9	15	0	19	47534
edgeTimes	8	9	15	0	20	79309
edgeTimes	9	10	16	1	0	67586
edgeTimes	9	10	16	1	1	33793
edgeTimes	9	10	16	1	2	71789
edgeTimes	9	10	16	1	3	38030
edgeTimes	9	10	16	1	4	73837
edgeTimes	9	10	16	1	5	40078
edgeTimes	9	10	16	1	6	75885
edgeTimes	9	10	16	1	7	42126
edgeTimes	9	10	16	1	8	77924
edgeTimes	9	10	16	1	9	44163
edgeTimes	9	10	16	1	10	4196
edgeTimes	9	10	16	1	11	3203
edgeTimes	9	10	16	1	12	0
edgeTimes	9	10	16	1	13	78957
edgeTimes	9	10	16	1	14	47246
edgeTimes	9	10	16	1	15	78956
edgeTimes	9	10	16	1	16	47243
edgeTimes	9	10	16	1	17	78948
edgeTimes	9	10	16	1	18	78948
edgeTimes	9	10	16	1	19	78957
edgeTimes	9	10	16	1	20	47246
edgeTimes	10	11	17	2	0	33792
edgeTimes	10	11	17	2	1	67584
edgeTimes	10	11	17	2	2	47235
edgeTimes	10	11	17	2	3	78948
edgeTimes	10	11	17	2	4	47235
edgeTimes	10	11	17	2	5	78948
edgeTimes	10	11	17	2	6	47235
edgeTimes	10	11	17	2	7	78948
edgeTimes	10	11	17	2	8	461955
edgeTimes	10	11	17	2	9	430180
edgeTimes	10	11	17	2	10	101507
edgeTimes	10	11	17	2	11	135268
edgeTimes	10	11	17	2	12	0
edgeTimes	10	11	17	2	13	47235
edgeTimes	10	11	17	2	14	78948
edgeTimes	10	11	17	2	15	178307
edgeTimes	10	11	17	2	16	210020
edgeTimes	10	11	17	2	17	473219
edgeTimes	10	11	17	2	18	473219
edgeTimes	10	11	17	2	19	47235
edgeTimes	10	11	17	2	20	78948
edgeTimes	11	12	18	3	0	66560
edgeTimes	11	12	18	3	1	34816
edgeTimes	11	12	18	3	2	79876
edgeTimes	11	12	18	3	3	46083
edgeTimes	11	12	18	3	4	79876
edgeTimes	11	12	18	3	5	46083
edgeTimes	11	12	18	3	6	79876
edgeTimes	11	12	18	3	7	46083
edgeTimes	11	12	18	3	8	429060
edgeTimes	11	12	18	3	9	462851
edgeTimes	11	12	18	3	10	134148
edgeTimes	11	12	18	3	11	102403
edgeTimes	11	12	18	3	12	0
edgeTimes	11	12	18	3	13	79876
edgeTimes	11	12	18	3	14	46083
edgeTimes	11	12	18	3	15	210948
edgeTimes	11	12	18	3	16	177155
edgeTimes	11	12	18	3	17	440324
edgeTimes	11	12	18	3	18	440324
edgeTimes	11	12	18	3	19	79876
edgeTimes	11	12	18	3	20	46083
edgeTimes	12	13	19	4	0	33824
edgeTimes	12	13	19	4	1	67648
edgeTimes	12	13	19	4	2	33824
edgeTimes	12	13	19	4	3	67648
edgeTimes	12	13	19	4	4	34240
edgeTimes	12	13	19	4	5	68000
edgeTimes	12	13	19	4	6	34240
edgeTimes	12	13	19	4	7	68000
edgeTimes	12	13	19	4	8	473536
edgeTimes	12	13	19	4	9	439712
edgeTimes	12	13	19	4	10	101472
edgeTimes	12	13	19	4	11	135296
edgeTimes	12	13	19	4	12	0
edgeTimes	12	13	19	4	13	474560
edgeTimes	12	13	19	4	14	442784
edgeTimes	12	13	19	4	15	244160
edgeTimes	12	13	19	4	16	275872
edgeTimes	12	13	19	4	17	473536
edgeTimes	12	13	19	4	18	473536
edgeTimes	12	13	19	4	19	34272
edgeTimes	12	13	19	4	20	68096
edgeTimes	13	14	20	5	0	67649
edgeTimes	13	14	20	5	1	33826
edgeTimes	13	14	20	5	2	67649
edgeTimes	13	14	20	5	3	33826
edgeTimes	13	14	20	5	4	68014
edgeTimes	13	14	20	5	5	34253
edgeTimes	13	14	20	5	6	68014
edgeTimes	13	14	20	5	7	34253
edgeTimes	13	14	20	5	8	439726
edgeTimes	13	14	20	5	9	473549
edgeTimes	13	14	20	5	10	135299
edgeTimes	13	14	20	5	11	101476
edgeTimes	13	14	20	5	12	0
edgeTimes	13	14	20	5	13	442798
edgeTimes	13	14	20	5	14	474573
edgeTimes	13	14	20	5	15	275886
edgeTimes	13	14	20	5	16	244173
edgeTimes	13	14	20	5	17	439726
edgeTimes	13	14	20	5	18	439726
edgeTimes	13	14	20	5	19	68111
edgeTimes	13	14	20	5	20	34288
edgeTimes	14	15	0	6	0	33826
edgeTimes	14	15	0	6	1	67649
edgeTimes	14	15	0	6	2	33954
edgeTimes	14	15	0	6	3	67777
edgeTimes	14	15	0	6	4	34029
edgeTimes	14	15	0	6	5	67854
edgeTimes	14	15	0	6	6	34093
edgeTimes	14	15	0	6	7	67918
edgeTimes	14	15	0	6	8	460141
edgeTimes	14	15	0	6	9	428430
edgeTimes	14	15	0	6	10	98404
edgeTimes	14	15	0	6	11	131203
edgeTimes	14	15	0	6	12	0
edgeTimes	14	15	0	6	13	460237
edgeTimes	14	15	0	6	14	428462
edgeTimes	14	15	0	6	15	296397
edgeTimes	14	15	0	6	16	330158
edgeTimes	14	15	0	6	17	460237
edgeTimes	14	15	0	6	18	460237
edgeTimes	14	15	0	6	19	34256
edgeTimes	14	15	0	6	20	68015
edgeTimes	15	16	1	7	0	67649
edgeTimes	15	16	1	7	1	33826
edgeTimes	15	16	1	7	2	67781
edgeTimes	15	16	1	7	3	33958
edgeTimes	15	16	1	7	4	67847
edgeTimes	15	16	1	7	5	34024
edgeTimes	15	16	1	7	6	67913
edgeTimes	15	16	1	7	7	34090
edgeTimes	15	16	1	7	8	428427
edgeTimes	15	16	1	7	9	460140
edgeTimes	15	16	1	7	10	131203
edgeTimes	15	16	1	7	11	98404
edgeTimes	15	16	1	7	12	0
edgeTimes	15	16	1	7	13	428462
edgeTimes	15	16	1	7	14	460237
edgeTimes	15	16	1	7	15	330158
edgeTimes	15	16	1	7	16	296397
edgeTimes	15	16	1	7	17	428462
edgeTimes	15	16	1	7	18	428462
edgeTimes	15	16	1	7	19	68014
edgeTimes	15	16	1	7	20	34253
edgeTimes	16	17	2	8	0	33826
edgeTimes	16	17	2	8	1	67649
edgeTimes	16	17	2	8	2	460230
edgeTimes	16	17	2	8	3	428453
edgeTimes	16	17	2	8	4	460232
edgeTimes	16	17	2	8	5	428455
edgeTimes	16	17	2	8	6	460234
edgeTimes	16	17	2	8	7	428457
edgeTimes	16	17	2	8	8	112748
edgeTimes	16	17	2	8	9	144523
edgeTimes	16	17	2	8	10	101476
edgeTimes	16	17	2	8	11	135299
edgeTimes	16	17	2	8	12	0
edgeTimes	16	17	2	8	13	460237
edgeTimes	16	17	2	8	14	428462
edgeTimes	16	17	2	8	15	366029
edgeTimes	16	17	2	8	16	399790
edgeTimes	16	17	2	8	17	113101
edgeTimes	16	17	2	8	18	113101
edgeTimes	16	17	2	8	19	460237
edgeTimes	16	17	2	8	20	428462
edgeTimes	17	18	3	9	0	67617
edgeTimes	17	18	3	9	1	33858
edgeTimes	17	18	3	9	2	428494
edgeTimes	17	18	3	9	3	460205
edgeTimes	17	18	3	9	4	428494
edgeTimes	17	18	3	9	5	460205
edgeTimes	17	18	3	9	6	428494
edgeTimes	17	18	3	9	7	460205
edgeTimes	17	18	3	9	8	144483
edgeTimes	17	18	3	9	9	112772
edgeTimes	17	18	3	9	10	135267
edgeTimes	17	18	3	9	11	101508
edgeTimes	17	18	3	9	12	0
edgeTimes	17	18	3	9	13	428494
edgeTimes	17	18	3	9	14	460205
edgeTimes	17	18	3	9	15	399822
edgeTimes	17	18	3	9	16	365997
edgeTimes	17	18	3	9	17	144846
edgeTimes	17	18	3	9	18	144846
edgeTimes	17	18	3	9	19	428494
edgeTimes	17	18	3	9	20	460205
edgeTimes	18	19	4	10	0	1057
edgeTimes	18	19	4	10	1	2114
edgeTimes	18	19	4	10	2	99374
edgeTimes	18	19	4	10	3	133197
edgeTimes	18	19	4	10	4	99374
edgeTimes	18	19	4	10	5	133197
edgeTimes	18	19	4	10	6	99374
edgeTimes	18	19	4	10	7	133197
edgeTimes	18	19	4	10	8	113091
edgeTimes	18	19	4	10	9	144804
edgeTimes	18	19	4	10	10	101475
edgeTimes	18	19	4	10	11	135300
edgeTimes	18	19	4	10	12	0
edgeTimes	18	19	4	10	13	113134
edgeTimes	18	19	4	10	14	144909
edgeTimes	18	19	4	10	15	105934
edgeTimes	18	19	4	10	16	139693
edgeTimes	18	19	4	10	17	113102
edgeTimes	18	19	4	10	18	113102
edgeTimes	18	19	4	10	19	99374
edgeTimes	18	19	4	10	20	133197
edgeTimes	19	20	5	11	0	2113
edgeTimes	19	20	5	11	1	1058
edgeTimes	19	20	5	11	2	133185
edgeTimes	19	20	5	11	3	99362
edgeTimes	19	20	5	11	4	133185
edgeTimes	19	20	5	11	5	99362
edgeTimes	19	20	5	11	6	133185
edgeTimes	19	20	5	11	7	99362
edgeTimes	19	20	5	11	8	144814
edgeTimes	19	20	5	11	9	113101
edgeTimes	19	20	5	11	10	135299
edgeTimes	19	20	5	11	11	101476
edgeTimes	19	20	5	11	12	0
edgeTimes	19	20	5	11	13	144911
edgeTimes	19	20	5	11	14	113136
edgeTimes	19	20	5	11	15	139694
edgeTimes	19	20	5	11	16	105933
edgeTimes	19	20	5	11	17	144814
edgeTimes	19	20	5	11	18	144814
edgeTimes	19	20	5	11	19	133185
edgeTimes	19	20	5	11	20	99362
edgeTimes	20	0	6	12	0	1058
edgeTimes	20	0	6	12	1	2113
edgeTimes	20	0	6	12	2	1058
edgeTimes	20	0	6	12	3	2113
edgeTimes	20	0	6	12	4	1058
edgeTimes	20	0	6	12	5	2113
edgeTimes	20	0	6	12	6	1058
edgeTimes	20	0	6	12	7	2113
edgeTimes	20	0	6	12	8	14381
edgeTimes	20	0	6	12	9	13390
edgeTimes	20	0	6	12	10	3076
edgeTimes	20	0	6	12	11	4099
edgeTimes	20	0	6	12	12	0
edgeTimes	20	0	6	12	13	14384
edgeTimes	20	0	6	12	14	13391
edgeTimes	20	0	6	12	15	9261
edgeTimes	20	0	6	12	16	10318
edgeTimes	20	0	6	12	17	14381
edgeTimes	20	0	6	12	18	14381
edgeTimes	20	0	6	12	19	1058
edgeTimes	20	0	6	12	20	2113
nonFmaCase	-2	33825
nonFmaCase	-1	473550
nonFmaCase	0	33825
nonFmaCase	1	473550
nonFmaCase	2	33825
nonFmaCase	3	473550
