engine	fork	entry	sample	repetitions	inputBase	checksum	elapsedNs
thc-graal	1	sumLoop	1	45824	10000	2294867867520	2004539667
thc-graal	1	sumLoop	2	45824	10000	2294867867520	2003008792
thc-graal	1	sumLoop	3	45824	10000	2294867867520	2001785208
thc-graal	1	sumLoop	4	45824	10000	2294867867520	2002635334
thc-graal	1	sumLoop	5	45824	10000	2294867867520	2004017125
native-ghc	1	sumLoop	1	393216	10000	19692273991680	2000421000
native-ghc	1	sumLoop	2	401152	10000	20089709208960	2000797000
native-ghc	1	sumLoop	3	402944	10000	20179452645120	2000687000
native-ghc	1	sumLoop	4	401920	10000	20128170681600	2001062000
native-ghc	1	sumLoop	5	402944	10000	20179452645120	2000409000
thc-graal	2	sumLoop	1	46592	10000	2333329340160	2000967375
thc-graal	2	sumLoop	2	46848	10000	2346149831040	2008342459
thc-graal	2	sumLoop	3	46592	10000	2333329340160	2010582250
thc-graal	2	sumLoop	4	46848	10000	2346149831040	2005634500
thc-graal	2	sumLoop	5	46848	10000	2346149831040	2010001083
native-ghc	2	sumLoop	1	376064	10000	18833301102720	2001328000
native-ghc	2	sumLoop	2	376320	10000	18846121593600	2000444000
native-ghc	2	sumLoop	3	395776	10000	19820478900480	2000508000
native-ghc	2	sumLoop	4	402176	10000	20140991172480	2000311000
native-ghc	2	sumLoop	5	402944	10000	20179452645120	2000385000
thc-graal	3	sumLoop	1	46336	10000	2320508849280	2000342000
thc-graal	3	sumLoop	2	43264	10000	2166662958720	2001497875
thc-graal	3	sumLoop	3	46848	10000	2346149831040	2010719083
thc-graal	3	sumLoop	4	46592	10000	2333329340160	2000936500
thc-graal	3	sumLoop	5	46848	10000	2346149831040	2010583959
native-ghc	3	sumLoop	1	375296	10000	18794839630080	2000254000
native-ghc	3	sumLoop	2	375808	10000	18820480611840	2000539000
native-ghc	3	sumLoop	3	376064	10000	18833301102720	2000090000
native-ghc	3	sumLoop	4	384000	10000	19230736320000	2000464000
native-ghc	3	sumLoop	5	390656	10000	19564069082880	2000033000
thc-graal	1	fib	1	7168	12	230270208	2009571708
thc-graal	1	fib	2	7424	12	238494144	2026064166
thc-graal	1	fib	3	7424	12	238494144	2042785375
thc-graal	1	fib	4	7424	12	238494144	2011783834
thc-graal	1	fib	5	7680	12	246718080	2055833500
native-ghc	1	fib	1	14336	12	460540416	2006350000
native-ghc	1	fib	2	14336	12	460540416	2008006000
native-ghc	1	fib	3	14336	12	460540416	2006573000
native-ghc	1	fib	4	14336	12	460540416	2014857000
native-ghc	1	fib	5	14336	12	460540416	2009009000
thc-graal	2	fib	1	6912	12	222046272	2031098459
thc-graal	2	fib	2	6912	12	222046272	2035439459
thc-graal	2	fib	3	6912	12	222046272	2067058750
thc-graal	2	fib	4	6912	12	222046272	2014624667
thc-graal	2	fib	5	7168	12	230270208	2030317000
native-ghc	2	fib	1	14336	12	460540416	2016209000
native-ghc	2	fib	2	14336	12	460540416	2010986000
native-ghc	2	fib	3	14336	12	460540416	2011395000
native-ghc	2	fib	4	14336	12	460540416	2011277000
native-ghc	2	fib	5	13824	12	444092544	2026703000
thc-graal	3	fib	1	7168	12	230270208	2055486833
thc-graal	3	fib	2	7168	12	230270208	2042640625
thc-graal	3	fib	3	6912	12	222046272	2038152333
thc-graal	3	fib	4	7168	12	230270208	2015125708
thc-graal	3	fib	5	7168	12	230270208	2006724500
native-ghc	3	fib	1	14336	12	460540416	2012710000
native-ghc	3	fib	2	14336	12	460540416	2017918000
native-ghc	3	fib	3	14336	12	460540416	2009598000
native-ghc	3	fib	4	14336	12	460540416	2009317000
native-ghc	3	fib	5	13824	12	444092544	2035207000
thc-graal	1	under	1	35882240	100	4108516480	2000009125
thc-graal	1	under	2	37262336	100	4266537472	2000012375
thc-graal	1	under	3	37280000	100	4268560000	2000012625
thc-graal	1	under	4	36945920	100	4230307840	2000007291
thc-graal	1	under	5	37458688	100	4289019776	2000012000
native-ghc	1	under	1	478197504	100	54753614208	2000000000
native-ghc	1	under	2	454417664	100	52030822528	2000000000
native-ghc	1	under	3	479845632	100	54942324864	2000000000
native-ghc	1	under	4	478606848	100	54800484096	2000000000
native-ghc	1	under	5	479762688	100	54932827776	2000000000
thc-graal	2	under	1	37303552	100	4271256704	2000007250
thc-graal	2	under	2	37490176	100	4292625152	2000008292
thc-graal	2	under	3	37235968	100	4263518336	2000005625
thc-graal	2	under	4	37254656	100	4265658112	2000017334
thc-graal	2	under	5	37250560	100	4265189120	2000004125
native-ghc	2	under	1	479277056	100	54877222912	2000000000
native-ghc	2	under	2	479504128	100	54903222656	2000001000
native-ghc	2	under	3	479885568	100	54946897536	2000000000
native-ghc	2	under	4	479018496	100	54847617792	2000000000
native-ghc	2	under	5	477673472	100	54693612544	2000001000
thc-graal	3	under	1	35409664	100	4054406528	2000009167
thc-graal	3	under	2	37021184	100	4238925568	2000009500
thc-graal	3	under	3	36774144	100	4210639488	2000005375
thc-graal	3	under	4	36498432	100	4179070464	2000014833
thc-graal	3	under	5	36603392	100	4191088384	2000001875
native-ghc	3	under	1	448938496	100	51403457792	2000000000
native-ghc	3	under	2	478645248	100	54804880896	2000000000
native-ghc	3	under	3	478246400	100	54759212800	2000000000
native-ghc	3	under	4	475969792	100	54498541184	2000000000
native-ghc	3	under	5	478534400	100	54792188800	2000000000
thc-graal	1	caseList	1	439296	100	2566586880	2000008166
thc-graal	1	caseList	2	438784	100	2563595520	2000793125
thc-graal	1	caseList	3	437504	100	2556117120	2000646792
thc-graal	1	caseList	4	440064	100	2571073920	2000108958
thc-graal	1	caseList	5	439808	100	2569578240	2000097250
native-ghc	1	caseList	1	5358592	100	31307573760	2000020000
native-ghc	1	caseList	2	5312768	100	31039847040	2000011000
native-ghc	1	caseList	3	5340416	100	31201380480	2000063000
native-ghc	1	caseList	4	5357056	100	31298599680	2000016000
native-ghc	1	caseList	5	5368320	100	31364409600	2000015000
thc-graal	2	caseList	1	440064	100	2571073920	2000506500
thc-graal	2	caseList	2	441856	100	2581543680	2001126792
thc-graal	2	caseList	3	440576	100	2574065280	2000351250
thc-graal	2	caseList	4	440832	100	2575560960	2000054916
thc-graal	2	caseList	5	440832	100	2575560960	2000034917
native-ghc	2	caseList	1	5304576	100	30991985280	2000069000
native-ghc	2	caseList	2	5335040	100	31169971200	2000052000
native-ghc	2	caseList	3	5343232	100	31217832960	2000033000
native-ghc	2	caseList	4	5335040	100	31169971200	2000071000
native-ghc	2	caseList	5	5348864	100	31250737920	2000033000
thc-graal	3	caseList	1	439296	100	2566586880	2000431084
thc-graal	3	caseList	2	442112	100	2583039360	2000251583
thc-graal	3	caseList	3	441344	100	2578552320	2001053625
thc-graal	3	caseList	4	442368	100	2584535040	2001142750
thc-graal	3	caseList	5	441856	100	2581543680	2000246625
native-ghc	3	caseList	1	5357824	100	31303086720	2000035000
native-ghc	3	caseList	2	5362944	100	31333000320	2000002000
native-ghc	3	caseList	3	5359616	100	31313556480	2000033000
native-ghc	3	caseList	4	5363712	100	31337487360	2000038000
native-ghc	3	caseList	5	5346048	100	31234285440	2000004000
